Query,Last 3 months Clicks,Previous 3 months Clicks,Last 3 months Impressions,Previous 3 months Impressions,Last 3 months CTR,Previous 3 months CTR,Last 3 months Position,Previous 3 months Position
vape,60340,60707,1723005,2124891,3.5%,2.86%,6.02,6.38
vape shop,47651,37349,1168321,883954,4.08%,4.23%,3.17,3.71
novo,30640,17053,214976,229269,14.25%,7.44%,4.05,4.76
vape pen,27024,22819,436382,519097,6.19%,4.4%,4.06,4.93
smok,21890,17714,786029,796025,2.78%,2.23%,4.3,4.11
novo 2,10404,5303,140818,178111,7.39%,2.98%,4.33,5.28
smok novo,8867,11186,140694,215857,6.3%,5.18%,5.3,5.43
vapes,8706,5847,293138,286748,2.97%,2.04%,6.48,7.7
vape pens,8600,5540,96649,123874,8.9%,4.47%,3.45,5.36
vape juice,7092,8100,281917,280917,2.52%,2.88%,8.18,7.25
best pod vape,5660,8082,18507,23440,30.58%,34.48%,1.94,2.41
smok novo 2,5624,3218,128990,150517,4.36%,2.14%,6.6,7.34
novo 2 pods,4210,776,24065,14309,17.49%,5.42%,3.22,5.71
vaping.com,3703,4331,4833,5246,76.62%,82.56%,1.1,1
vape store,3598,6201,276315,288136,1.3%,2.15%,7.81,6.16
juul alternative,3374,4590,15057,14217,22.41%,32.29%,1.39,1.33
novo vape,3190,4954,43034,63484,7.41%,7.8%,4.15,3.93
smok novo 2 pods,3097,534,16526,8217,18.74%,6.5%,3.44,6.63
freemax twister,2992,1240,25151,28715,11.9%,4.32%,4.15,5.47
best pod system 2019,2729,3672,8376,12271,32.58%,29.92%,2.21,2.34
suorin air plus,2685,684,56908,68232,4.72%,1%,7.29,8.62
vape price,2559,2470,41653,56027,6.14%,4.41%,6.12,4.53
smok nord,2501,6183,322277,524727,0.78%,1.18%,7.2,6.91
smok vape,2250,3258,189890,213303,1.18%,1.53%,6.36,6.07
vape pods,2239,1623,29982,31086,7.47%,5.22%,4.19,4.35
salt nic vapes,2054,2614,11281,10782,18.21%,24.24%,3.42,3.13
pod vape,1942,1693,83175,139449,2.33%,1.21%,5.24,5.82
best small vape,1939,1599,4613,4423,42.03%,36.15%,1.43,2.07
best pod system,1938,2859,7943,13168,24.4%,21.71%,2.77,3.77
best vape pod,1915,1862,5208,6507,36.77%,28.62%,1.7,3.01
best pod vape 2019,1909,2493,7804,9024,24.46%,27.63%,2.53,2.25
vape mods,1835,2796,96816,94211,1.9%,2.97%,9.9,8.48
best pod system vape,1766,2239,4819,6370,36.65%,35.15%,1.34,2.64
novo smok,1723,2500,26545,29309,6.49%,8.53%,4.72,4.1
voopoo vinci,1651,1181,132059,64561,1.25%,1.83%,7.52,6.97
best pod,1617,1607,6948,7544,23.27%,21.3%,2.32,2.76
best juul alternative,1606,1328,7302,5235,21.99%,25.37%,1.92,3.16
juul alternatives,1551,1200,4327,3671,35.84%,32.69%,1.36,1.31
best vape pod system,1523,1512,4211,5022,36.17%,30.11%,1.62,2.43
vape.com,1471,1372,3381,3549,43.51%,38.66%,2.32,2.13
best refillable pod system,1445,1052,3508,3059,41.19%,34.39%,1.28,3.05
best pod vapes,1442,1672,3972,4105,36.3%,40.73%,1.23,1.86
best pod 2019,1395,1269,5323,5717,26.21%,22.2%,2.06,3.04
best salt nic vapes,1381,2350,5858,5805,23.57%,40.48%,2.06,1.14
vape pod,1307,1186,42265,76918,3.09%,1.54%,4.99,4.78
pod vapes,1303,916,16008,12334,8.14%,7.43%,4.7,4.25
best refillable pod vape,1277,1599,6172,7510,20.69%,21.29%,1.02,2.28
best vape mod,1223,2418,29259,32916,4.18%,7.35%,8.16,6.66
smok v8 stick,1188,1347,8625,10296,13.77%,13.08%,3.71,3.76
vape juice online,1149,673,24913,20176,4.61%,3.34%,6.68,6.94
best pod vape 2020,1142,0,3213,0,35.54%,0%,2.48,0
best refillable pod vape 2019,1112,959,4616,4336,24.09%,22.12%,1.41,1.58
vapes like juul,1102,821,4429,3515,24.88%,23.36%,2.37,2.19
smok slm,1097,648,6717,7914,16.33%,8.19%,3.28,3.32
novo 2 vape,1095,352,10155,10685,10.78%,3.29%,4.24,6.26
voopoo drag nano,1059,381,19892,32891,5.32%,1.16%,5.68,8.68
best vape mod 2020,1014,0,4398,0,23.06%,0%,4.48,0
pod,1010,356,25078,33874,4.03%,1.05%,5.35,6.62
salt nic devices,987,1135,5338,4456,18.49%,25.47%,2.2,1.1
nord vape,978,787,89073,99753,1.1%,0.79%,6.57,6.66
best pod system 2020,957,0,2901,0,32.99%,0%,2.75,0
best small vapes,938,929,2668,2614,35.16%,35.54%,1.65,2.54
best salt nic device,935,1120,3022,2148,30.94%,52.14%,2.11,1.03
pod system vape,926,861,9862,12708,9.39%,6.78%,3.85,4.71
smok morph 219,904,1658,21732,31112,4.16%,5.33%,5.57,4.8
freemax twister 80w,899,563,7064,8693,12.73%,6.48%,4.45,5.22
vape kit,869,1504,31462,33516,2.76%,4.49%,7.12,5.77
best vape mods 2019,850,4286,11814,22058,7.19%,19.43%,6.38,3.15
best vape mod 2019,836,2951,10215,14276,8.18%,20.67%,6.46,3.52
best pod system vape 2019,827,1766,6158,9298,13.43%,18.99%,2.45,2.07
best pod 2020,819,0,2665,0,30.73%,0%,2.97,0
smok stick v8,811,885,24931,26910,3.25%,3.29%,9.39,7.38
smok novo 2 kit,799,295,7868,7471,10.16%,3.95%,5.6,6.19
pod terbaik 2019,776,1194,11417,13372,6.8%,8.93%,3.69,5.89
vape starter kit,775,1036,20809,21749,3.72%,4.76%,7.25,6.65
vape pod system,773,677,7732,9433,10%,7.18%,4.29,5.32
novo 2 kit,758,254,6842,8265,11.08%,3.07%,4.34,5.94
novos,756,454,7798,9857,9.69%,4.61%,3.91,5.1
small vapes,753,626,14295,14964,5.27%,4.18%,1.36,2.19
novo 2 price,738,218,6466,5274,11.41%,4.13%,3.23,4.9
vape parts,735,867,7336,8908,10.02%,9.73%,2.15,2.07
pod mod terbaik,730,125,10484,2417,6.96%,5.17%,6.85,6.32
vape products,726,168,12068,11713,6.02%,1.43%,6.01,8.7
pods vape,720,458,16771,19895,4.29%,2.3%,3.56,4.54
suorin drop,716,791,45069,63473,1.59%,1.25%,7.28,6.72
vaping products,696,383,8814,10161,7.9%,3.77%,5.29,7.94
best nic salt device,695,1106,2206,2139,31.5%,51.71%,2.01,1.1
smok fit,688,1188,11241,8847,6.12%,13.43%,4,3.43
pod systems,672,571,7897,6962,8.51%,8.2%,2.79,3.26
best vape pods,669,733,1989,2562,33.63%,28.61%,1.4,2.56
best pod mod,652,387,2976,2416,21.91%,16.02%,2.93,4.68
smok nord kit,649,913,26795,54542,2.42%,1.67%,7.56,7.11
vape kits,640,715,14371,14393,4.45%,4.97%,7.62,7.66
best vape tank,640,558,10166,10359,6.3%,5.39%,5.95,6.38
best vape mods 2020,640,0,3118,0,20.53%,0%,4.37,0
best pod systems,635,470,2271,2635,27.96%,17.84%,2.32,4.02
smok morph,631,1253,23625,30412,2.67%,4.12%,5.72,3.97
uwell caliburn,625,407,60625,86481,1.03%,0.47%,9.4,9.63
smok novo kit,614,413,4164,5202,14.75%,7.94%,5.02,5.54
caliburn koko,606,214,64371,11229,0.94%,1.91%,7.09,5.97
moti vape,588,409,11033,13346,5.33%,3.06%,5.97,5.29
smok rpm40,587,1133,71408,81049,0.82%,1.4%,8.35,7.49
best pod mod 2019,578,408,2516,1857,22.97%,21.97%,2.19,3.41
rda vs rta,567,672,3320,3859,17.08%,17.41%,2.27,2.34
vapeshop,562,610,29444,29508,1.91%,2.07%,7.95,7.28
suorin edge,560,810,25240,39987,2.22%,2.03%,6.17,5.65
rba vape,560,516,7040,6159,7.95%,8.38%,3.69,3.56
best vape mods,557,1284,13195,15908,4.22%,8.07%,7.99,5.87
novo2,555,327,10857,10978,5.11%,2.98%,5.5,5.85
ohms too high,550,519,2534,2463,21.7%,21.07%,1.7,2.67
best salt nic vape,530,993,2647,2644,20.02%,37.56%,2.19,1.34
smok morph 219 kit,528,665,8746,9055,6.04%,7.34%,5.23,4.85
smok novo vs novo 2,526,811,1225,1656,42.94%,48.97%,1.32,1.33
pod system,525,655,18346,24909,2.86%,2.63%,5.76,6.02
juul like vapes,524,511,2128,2053,24.62%,24.89%,2.21,1.44
novo kit,519,290,2772,3154,18.72%,9.19%,3.19,3.42
suorin,516,662,80584,92298,0.64%,0.72%,6.4,6.23
vapes similar to juul,513,275,1506,1037,34.06%,26.52%,1.82,2.11
pod terbaik,511,1116,13250,16992,3.86%,6.57%,3.13,6.54
vape tastes burnt,507,970,3170,3573,15.99%,27.15%,1.09,1.11
juul competitors,485,569,2322,3684,20.89%,15.45%,3.41,4.22
best alternative to juul,484,198,831,547,58.24%,36.2%,1.45,2.67
alternative to juul,480,440,2211,1571,21.71%,28.01%,2.29,1.65
vape mod,461,661,40955,50504,1.13%,1.31%,10.03,7.78
drag nano,451,204,19433,61603,2.32%,0.33%,4.61,2.83
buy vape,448,400,9716,8757,4.61%,4.57%,9.68,9.82
best salt nic devices,445,618,1504,1414,29.59%,43.71%,1.78,1.02
pen vape,444,204,17012,16231,2.61%,1.26%,5.31,6.56
best pod system for flavor,444,430,1976,1799,22.47%,23.9%,1.66,2.27
smok infinix,439,803,36649,46825,1.2%,1.71%,9.28,7.72
best pods,439,214,4123,3573,10.65%,5.99%,2.89,4.29
rta vs rda,437,651,2844,3231,15.37%,20.15%,2.56,2.27
v8 stick,435,614,4780,6266,9.1%,9.8%,2.56,1.98
nicotine salt vape device,434,450,2543,2485,17.07%,18.11%,2.68,2.78
twister vape,423,337,9044,10998,4.68%,3.06%,4.96,5.16
small vape,422,559,12051,14197,3.5%,3.94%,1.84,2.84
mtl vape,420,361,7306,6944,5.75%,5.2%,4.67,5.3
best refillable vape,419,219,954,561,43.92%,39.04%,1.04,1.29
smok resa stick,417,840,11490,17377,3.63%,4.83%,6.23,5.41
smok fit kit,416,398,3348,3160,12.43%,12.59%,3.24,3.56
vape mod kits,408,533,12113,11944,3.37%,4.46%,9.14,7.12
sourin air plus,407,132,10658,18115,3.82%,0.73%,7.85,8.37
alternatives to juul,404,453,1543,1414,26.18%,32.04%,1.69,1.65
smok novo vape,403,480,4573,5067,8.81%,9.47%,3.94,3.67
vape prices,402,632,3929,6702,10.23%,9.43%,3.68,3.28
smok v8,394,779,12171,18660,3.24%,4.17%,5.98,3.83
pod system vapes,387,307,2661,2577,14.54%,11.91%,2.65,3.34
best vape brands,382,163,12056,10424,3.17%,1.56%,5.35,9.35
smok nord not charging,382,501,1619,2108,23.59%,23.77%,1.23,2.23
why does my vape taste burnt,376,571,3212,3414,11.71%,16.73%,1.01,1.01
vape pen price,370,274,6318,6202,5.86%,4.42%,4.87,4.42
vaping .com,367,325,442,416,83.03%,78.12%,1,1
smok infinix pods,364,227,6409,7427,5.68%,3.06%,6.37,8.29
similar to juul,364,233,973,798,37.41%,29.2%,1.77,1.58
vape sticks,360,139,6129,4298,5.87%,3.23%,2.19,1.88
smok alien,358,498,28864,43265,1.24%,1.15%,9.95,8.21
smok nord 2,358,69,17132,7511,2.09%,0.92%,10.16,8.58
pod vape terbaik,352,326,5215,6031,6.75%,5.41%,6.6,8
best vape pod 2020,350,0,922,0,37.96%,0%,2.42,0
teardrop vape,346,519,1907,2936,18.14%,17.68%,1.3,1.13
best pod mod 2020,337,0,1303,0,25.86%,0%,3.38,0
novo 2 vs novo,332,618,661,1407,50.23%,43.92%,1.24,1.29
small vape mods,330,408,5667,5501,5.82%,7.42%,5.99,7.63
vape pod systems,327,345,2309,2734,14.16%,12.62%,3.05,4.22
rta vape,325,453,10349,14368,3.14%,3.15%,7.22,5.55
vape shops,324,511,111027,93448,0.29%,0.55%,8.99,7.96
best vape pod 2019,324,381,1120,1595,28.93%,23.89%,2.46,3.27
voopoo drag 2,322,621,33356,81812,0.97%,0.76%,9.89,8.21
best vape tanks,321,544,5554,5688,5.78%,9.56%,5.94,6.32
pod terbaik 2020,321,0,2659,0,12.07%,0%,6.23,0
smallest vape,320,308,2331,2878,13.73%,10.7%,3.88,4.66
pod vape terbaik 2019,314,203,7234,5037,4.34%,4.03%,7.11,6.24
rda vape,311,598,14729,19687,2.11%,3.04%,7.46,5.76
better than juul,310,470,879,914,35.27%,51.42%,2.34,1.15
best box mods 2019,309,1189,2860,4593,10.8%,25.89%,6.23,3.12
best pod system vapes,309,240,775,737,39.87%,32.56%,1.14,2.09
vaping. com,309,249,350,273,88.29%,91.21%,1,1
best vapes 2019,308,460,8846,9907,3.48%,4.64%,6.28,7.3
iqos vs vape,303,727,4927,7240,6.15%,10.04%,6.33,4.87
rpm nord pod,298,112,1402,579,21.26%,19.34%,1.63,2.6
vape coil,293,240,16096,18721,1.82%,1.28%,5.07,6.49
smok nord not hitting,291,311,1620,3283,17.96%,9.47%,2.33,4.32
best nic salt vape,291,600,1565,1590,18.59%,37.74%,2.98,2.07
best pods vape,288,148,737,559,39.08%,26.48%,1.58,2.7
vape pen starter kit,287,280,13530,12931,2.12%,2.17%,9.31,8.63
best compact vape,284,333,609,622,46.63%,53.54%,1.74,1.57
smok stick prince,283,324,24705,26895,1.15%,1.2%,9.28,8.02
best vape pod system 2019,283,388,1273,1285,22.23%,30.19%,2.59,2.25
best vape tank 2019,282,231,4437,4664,6.36%,4.95%,6.49,7.71
best vapes 2020,281,0,3050,0,9.21%,0%,5.6,0
novo vs novo 2,281,1021,1440,2259,19.51%,45.2%,1.67,1.39
vape coils,277,284,21392,22004,1.29%,1.29%,7.97,8.07
vaporizer pen,274,169,21735,18161,1.26%,0.93%,8.22,9.67
vaporesso degree,273,108,11373,2240,2.4%,4.82%,6.16,7.17
smok priv v8,272,388,14922,30460,1.82%,1.27%,7.58,7.53
best vape 2020,272,0,2335,0,11.65%,0%,6.45,0
smok novo not charging,272,562,2014,2957,13.51%,19.01%,3.36,3.13
vaper,271,134,17455,13761,1.55%,0.97%,11.81,11.3
pod system vape terbaik,268,70,2982,1583,8.99%,4.42%,7.77,8.03
juul like devices,264,166,1325,526,19.92%,31.56%,2.57,1.28
how to clean vape tank,262,421,2068,2285,12.67%,18.42%,2.45,2.59
stick v8 vape,260,175,1840,1648,14.13%,10.62%,3.45,3.89
lost vape,258,356,33512,48064,0.77%,0.74%,7.94,7.94
devices like juul,257,153,775,476,33.16%,32.14%,2.39,1.37
novo 2 pod,256,73,3620,3118,7.07%,2.34%,4.67,6.87
best fruity vape juice,256,261,1599,1455,16.01%,17.94%,2.83,3.86
best mod 2019,255,462,3451,4365,7.39%,10.58%,7.71,6.18
vape juices,250,514,10207,10250,2.45%,5.01%,7.97,6.86
best vape pods 2019,250,186,1104,875,22.64%,21.26%,2.6,2.8
twister 80w,249,275,2645,5289,9.41%,5.2%,4,4.3
how to start vaping,249,258,1015,1118,24.53%,23.08%,2.32,2.8
voopoo drag 2 platinum,247,602,7880,15116,3.13%,3.98%,6.7,5.63
rpm40,243,185,63215,39026,0.38%,0.47%,8.17,7.39
vaporesso tarot baby,243,82,6187,5126,3.93%,1.6%,7.96,7.97
vape liquid,242,356,24461,28564,0.99%,1.25%,13.59,11.52
renova zero,241,320,18533,35932,1.3%,0.89%,9.62,8.87
smok vapes,239,691,28521,31329,0.84%,2.21%,8.19,5.89
vaping.com reviews,239,161,1334,861,17.92%,18.7%,2.39,2.55
smok vape price,238,529,8804,10168,2.7%,5.2%,6.64,3.57
what is mtl vaping,238,283,3080,3838,7.73%,7.37%,2.04,2.7
best vape for nic salts,237,281,1146,863,20.68%,32.56%,3.52,2.48
online vape shop,236,101,8196,5630,2.88%,1.79%,15.74,18.35
refillable pod vape,235,489,2302,2547,10.21%,19.2%,6.38,5.77
best pod device,234,116,645,349,36.28%,33.24%,1.19,1.82
voopoo nano,233,78,3812,4634,6.11%,1.68%,4.76,7.1
best pods 2019,233,306,1941,2131,12%,14.36%,2.39,3.4
the best pod,232,153,696,796,33.33%,19.22%,1.9,3.68
uwell koko,231,99,14875,3486,1.55%,2.84%,7.65,6.44
uwell caliburn koko,231,101,10353,2685,2.23%,3.76%,7.69,6.04
smok novo 2 review,231,800,5508,6832,4.19%,11.71%,6.45,4.63
sourin,230,242,43218,48663,0.53%,0.5%,6.21,6.2
juul vs,230,198,1222,1445,18.82%,13.7%,4.67,4.63
vaping shop,229,225,4725,4834,4.85%,4.65%,8.24,7.25
smok vape wont turn on,229,283,1955,2033,11.71%,13.92%,3.54,3.96
nic salt devices,228,357,1043,969,21.86%,36.84%,2.13,1.16
best pod vapes 2020,228,0,492,0,46.34%,0%,1.82,0
nord,227,722,130872,195903,0.17%,0.37%,8.62,7.68
suorin vape,226,176,19386,23202,1.17%,0.76%,7.74,7.42
best pod systems 2019,225,410,1024,1716,21.97%,23.89%,2.29,2.67
best pod vape system,225,192,536,529,41.98%,36.29%,1.76,2.14
smok novo2,223,145,3587,4014,6.22%,3.61%,5.4,5.57
smok nova,222,294,6353,7175,3.49%,4.1%,4.74,4.94
rba coil,222,214,4477,3088,4.96%,6.93%,5.4,4.81
smok vape not working,222,189,709,719,31.31%,26.29%,2.54,3.5
vaoe,221,251,11001,12907,2.01%,1.94%,6.58,6.54
nord smok,220,510,25432,41735,0.87%,1.22%,7.75,6.71
best vape 2019,220,1002,5606,8355,3.92%,11.99%,6.77,5
vape pens for sale,219,78,9744,5814,2.25%,1.34%,10.05,10.03
vape buy,219,221,2370,2292,9.24%,9.64%,7.66,7.15
salt nic mods,219,214,1443,1450,15.18%,14.76%,3.76,3.69
best salt nic juice,218,723,5930,11097,3.68%,6.52%,7.48,7.2
smok novo 2 price,217,72,3520,2215,6.16%,3.25%,4.43,5.93
novo 1 vs novo 2,216,325,662,1009,32.63%,32.21%,2.35,1.6
products like juul,216,112,482,302,44.81%,37.09%,2.22,2.77
best pod vapes 2019,213,310,710,1007,30%,30.78%,1.61,2.54
smok priv n19,212,273,6340,9590,3.34%,2.85%,6.78,5.75
best small vape mod,212,173,1825,1448,11.62%,11.95%,5.2,6.66
lost vape orion q,211,267,10189,15248,2.07%,1.75%,8.35,8.15
vape online,210,131,10404,8949,2.02%,1.46%,12.85,13.33
freemax twister kit,210,93,2228,2163,9.43%,4.3%,4.66,5.76
best nic salt device 2019,209,690,1483,2615,14.09%,26.39%,1.72,1.48
vaping pods,208,237,2341,3029,8.89%,7.82%,2.81,2.98
smok al85,205,278,9422,10485,2.18%,2.65%,11.79,10.27
vape burnt taste,204,195,1487,1234,13.72%,15.8%,1.46,1.2
rda meaning vape,203,183,2519,3063,8.06%,5.97%,1.15,1.63
vape pen brands,199,88,6268,4614,3.17%,1.91%,5.34,6.79
ohm too high,197,229,1248,1366,15.79%,16.76%,3.21,3.41
top pod vape,197,206,596,895,33.05%,23.02%,2.38,3.53
best flavour pod,196,166,591,748,33.16%,22.19%,1.56,3.2
novo 2 mesh pods salt nic,194,0,724,0,26.8%,0%,1.02,0
nord vs nord 2,194,0,417,0,46.52%,0%,3.55,0
coil vape,192,151,14205,15170,1.35%,1%,6.1,6.7
vape similar to juul,192,103,610,399,31.48%,25.81%,2.28,2.28
vape like juul,191,90,891,539,21.44%,16.7%,2.79,4.86
vaping pen,190,183,7411,9864,2.56%,1.86%,4.68,4.91
aspire avp pro,190,0,4103,0,4.63%,0%,7.87,0
nic salt mods,190,220,2040,2456,9.31%,8.96%,5.27,4.52
best mod 2020,190,0,991,0,19.17%,0%,5.01,0
best pod for flavor,190,271,374,624,50.8%,43.43%,1.26,2.47
twister vape pen,189,88,1690,1408,11.18%,6.25%,4.37,3.87
smok fetch,188,133,69812,14279,0.27%,0.93%,8.68,8.26
vape shop online,188,68,10985,7649,1.71%,0.89%,16.74,16.86
smok mico,186,276,29893,48781,0.62%,0.57%,8.12,5.94
best pod mod vape,186,0,685,0,27.15%,0%,2.44,0
vaping.com login,186,0,197,0,94.42%,0%,1,0
smok vape not charging,185,82,525,510,35.24%,16.08%,2.42,5.11
pod mod,183,184,15018,10140,1.22%,1.81%,7.61,6.86
juul knockoff,182,134,672,715,27.08%,18.74%,1.98,1.93
ohm too high smok,181,123,664,535,27.26%,22.99%,1.72,2.64
best pod system vape 2020,181,0,563,0,32.15%,0%,2.55,0
best salt nic malaysia,181,82,560,758,32.32%,10.82%,2.99,5.34
vaping,180,1009,36353,248595,0.5%,0.41%,22.08,11.29
smok slim,180,126,2043,2833,8.81%,4.45%,3.24,3.74
best vape pen 2019,180,393,1285,1825,14.01%,21.53%,1.86,2.77
e juice,179,277,22497,30546,0.8%,0.91%,18.22,16.89
nicotine salts,179,231,11218,13998,1.6%,1.65%,11.11,10.26
pod mod vape,179,101,3809,3452,4.7%,2.93%,4.11,4.79
novo 2 smok,178,101,5538,6919,3.21%,1.46%,6.55,6.59
best pod mods,177,181,1012,775,17.49%,23.35%,3.33,4.64
best juul replacement,177,130,665,321,26.62%,40.5%,3.32,2.45
best mtl pod,176,209,1094,1159,16.09%,18.03%,5.35,5.31
best pod kit,176,103,423,497,41.61%,20.72%,1.8,4.46
top pod system,175,217,501,721,34.93%,30.1%,2.4,3.26
pod vape systems,174,226,1093,1767,15.92%,12.79%,2.75,3.3
best salt nic flavors malaysia,174,117,852,1549,20.42%,7.55%,3.5,6.05
e cigs like juul,174,87,333,179,52.25%,48.6%,1.92,1.79
menthol vape juice,172,270,7576,7847,2.27%,3.44%,8.87,7.02
best refillable vapes,172,101,341,198,50.44%,51.01%,1.02,1.21
best vapes,170,0,10180,0,1.67%,0%,4.19,0
top salt nic flavors 2019 malaysia,170,100,1229,1314,13.83%,7.61%,4.31,5.49
best juul alternatives,170,153,559,451,30.41%,33.92%,2.81,2.74
vape stick,169,274,17642,19712,0.96%,1.39%,3.05,2.48
vape smok,168,182,19884,21227,0.84%,0.86%,5.51,6.14
vaporesso revenger x,168,185,6858,8941,2.45%,2.07%,13,9.65
best cheap vape,168,171,2541,2662,6.61%,6.42%,6.92,8.44
small refillable vapes,168,0,501,0,33.53%,0%,2.1,0
smok nord won't charge,167,158,735,820,22.72%,19.27%,1.15,2.4
nord 2,165,0,17307,0,0.95%,0%,8.65,0
salt nicotine,165,257,10837,16661,1.52%,1.54%,9.61,8.57
vaporesso swag,165,160,6796,15360,2.43%,1.04%,12.26,9.1
vape.,165,152,4552,4962,3.62%,3.06%,5.63,6.11
best vape tank for flavor,165,212,2070,2062,7.97%,10.28%,5.28,5.71
how to clean a vape,165,249,1540,1805,10.71%,13.8%,2.95,2.69
heisenberg vape juice,164,224,4793,5538,3.42%,4.04%,6.8,7.54
smok e cig,163,239,5169,5699,3.15%,4.19%,7.02,6.11
sourin drop,162,113,12858,12790,1.26%,0.88%,7.63,7.45
refillable pod system,162,124,2496,1311,6.49%,9.46%,4.25,4.53
how to clean vape,162,232,1124,1363,14.41%,17.02%,2.45,2.62
best pod systems 2020,162,0,477,0,33.96%,0%,2.34,0
smok novo 2 charge time,160,138,830,582,19.28%,23.71%,1.92,1.25
best fruit vape juice,160,174,641,533,24.96%,32.65%,3.28,2.51
caliburn vape,159,0,12523,0,1.27%,0%,10.04,0
tear drop vape,159,149,848,1167,18.75%,12.77%,1.12,1.2
smok ohm too high,159,105,411,257,38.69%,40.86%,1.1,1.88
smok nord vs nord 2,159,0,386,0,41.19%,0%,3.87,0
vape mods kits,158,172,3342,3662,4.73%,4.7%,8.42,6.49
juul wattage,158,146,1621,1685,9.75%,8.66%,1.09,1.1
smok not charging,158,82,546,499,28.94%,16.43%,1.64,3.9
vape .com,158,89,334,319,47.31%,27.9%,2.2,2.58
products similar to juul,158,100,271,169,58.3%,59.17%,1.08,1.37
smok rpm40 kit,157,604,16497,37066,0.95%,1.63%,8.24,7.04
morph 219 kit,157,298,3039,4186,5.17%,7.12%,5.34,4.65
new pod,157,99,1597,1897,9.83%,5.22%,2.26,3.8
vap pen,156,131,4385,5374,3.56%,2.44%,3.99,4.97
mtl vaping,156,160,3867,3433,4.03%,4.66%,4.04,3.79
best salt vape,156,175,338,336,46.15%,52.08%,2,1.42
vaporesso podstick,155,0,6954,0,2.23%,0%,9.21,0
best box mod 2020,155,0,978,0,15.85%,0%,5.65,0
top 10 pod,155,201,358,649,43.3%,30.97%,2.08,3.31
vaping store,154,141,3444,4033,4.47%,3.5%,6.82,7.86
best mods 2019,154,666,2383,3466,6.46%,19.22%,7.26,3.76
juul replacement,153,411,3332,5327,4.59%,7.72%,10.15,6.44
vape novo,152,165,3171,3303,4.79%,5%,4.75,3.27
why does my vape taste burnt with new coil,152,275,2236,2246,6.8%,12.24%,1.12,1.01
stealth vape,151,229,12564,16219,1.2%,1.41%,4.36,4.16
twister 80w kit,151,0,627,0,24.08%,0%,2.69,0
top pod 2019,151,119,433,384,34.87%,30.99%,1.94,3.49
vaping.con,151,141,185,172,81.62%,81.98%,1,1
sourin edge,150,208,9762,14036,1.54%,1.48%,6,5.8
rda tank,149,134,7071,7080,2.11%,1.89%,7.92,8.19
smok novo 2 not hitting,149,75,2233,617,6.67%,12.16%,4.74,4.49
vape blog,149,214,1431,1531,10.41%,13.98%,2.28,3.03
best mtl pod vape,149,90,442,305,33.71%,29.51%,1.68,3.85
smok nord vape,148,173,6739,8317,2.2%,2.08%,7.58,6.95
pod vape system,148,122,1042,819,14.2%,14.9%,2.96,3.45
vape stores,147,112,34136,21000,0.43%,0.53%,11.3,11.04
vinci voopoo,147,80,12374,7167,1.19%,1.12%,7.23,7.26
vaporesso target pm80,147,0,9416,0,1.56%,0%,8.78,0
smok salt nic vape,147,113,1312,1131,11.2%,9.99%,4.45,3.59
top pod,147,146,744,934,19.76%,15.63%,2.48,3.46
smok mods,146,336,18546,16000,0.79%,2.1%,8.1,6.75
suorin air plus review,146,793,2633,4612,5.55%,17.19%,5.44,3.8
best vape pod system 2020,146,0,345,0,42.32%,0%,1.95,0
smok prince stick,145,148,8760,10010,1.66%,1.48%,7.82,8.06
smoke novo,145,231,3632,5326,3.99%,4.34%,5.46,5.49
the best pod vape,145,183,367,884,39.51%,20.7%,1.57,3.53
smok novo 2 vs novo,145,349,314,629,46.18%,55.48%,1.25,1.21
pod mods,144,97,3582,3071,4.02%,3.16%,4.51,4.84
vaping.com tracking,144,133,169,161,85.21%,82.61%,1,1
best vape,143,222,12594,12168,1.14%,1.82%,13.57,15.77
best box mod 2019,142,675,1809,3086,7.85%,21.87%,7.42,3.83
smok novo 1 vs 2,142,185,437,473,32.49%,39.11%,2.43,1.82
v8 vape,141,220,2917,3726,4.83%,5.9%,2.99,1.85
pod termahal,140,151,1957,1216,7.15%,12.42%,6.47,4.87
ohms too low smok,140,0,649,0,21.57%,0%,2.25,0
best vape pod kit,140,0,352,0,39.77%,0%,1.9,0
phix,139,280,28768,31922,0.48%,0.88%,8.06,7.31
pen vapes,139,72,3106,2976,4.48%,2.42%,3.68,5.6
best juul alternative 2019,139,196,2013,1358,6.91%,14.43%,3.88,2.82
vap pens,139,75,1982,2925,7.01%,2.56%,3.35,5.3
smok nord burnt taste,139,259,663,1025,20.97%,25.27%,2.24,1.89
best vapes for salt nic,139,148,503,388,27.63%,38.14%,2.13,2.09
best pod for salt nic,139,158,409,346,33.99%,45.66%,2.66,1.36
smok novo price,138,183,6733,8967,2.05%,2.04%,5.62,4.6
top vape pods,138,118,251,335,54.98%,35.22%,1.26,2.04
latest pod,137,94,389,336,35.22%,27.98%,1.35,2.8
off brand juul,136,76,805,1134,16.89%,6.7%,2.48,3.93
smok price,135,226,1808,2277,7.47%,9.93%,3.28,2.29
types of vape mods,135,281,1711,2362,7.89%,11.9%,3.93,3.07
best aio pod,135,68,1163,610,11.61%,11.15%,6.14,7.81
novo 2 charge time,135,84,454,273,29.74%,30.77%,1.04,1.36
smallest vapes,135,122,384,413,35.16%,29.54%,1.11,1.35
vaporesso tarot mini,134,137,2616,2750,5.12%,4.98%,6.29,5.5
freemax twister vape,134,82,1293,1441,10.36%,5.69%,4.6,5.54
smok novo 2 pre filled pods,134,115,299,186,44.82%,61.83%,1.08,1.17
uwell crown pod,133,0,13179,0,1.01%,0%,9.62,0
things like juuls,133,74,316,208,42.09%,35.58%,1.01,1.48
top 10 pod systems,133,87,268,306,49.63%,28.43%,1.57,3.61
caliburn,132,78,102295,112030,0.13%,0.07%,6.4,9.95
twister freemax,132,83,1791,2244,7.37%,3.7%,4.43,5.25
best vape tanks 2019,132,104,1737,1966,7.6%,5.29%,6.07,7.01
ohm too low,132,238,1197,1509,11.03%,15.77%,4.8,5.6
pod system terbaik,131,161,1326,2297,9.88%,7.01%,4.98,7.31
best refillable pod vapes,131,79,319,185,41.07%,42.7%,1.22,1.22
smok stick,130,154,12240,14733,1.06%,1.05%,9.29,6.07
vape nicotine levels,130,107,3089,3998,4.21%,2.68%,4.41,4.54
smok rpm40 rba,130,833,3002,17294,4.33%,4.82%,6.22,5.5
buy vape pen,130,0,2988,0,4.35%,0%,4.6,0
best cheap vapes,130,83,1905,2036,6.82%,4.08%,6.85,9.66
smok novo 2 pod,130,67,1644,2624,7.91%,2.55%,6.43,8.31
sigelei shikra coils,129,118,1233,1140,10.46%,10.35%,4.43,4.27
best pod devices,129,236,421,746,30.64%,31.64%,1.22,2.52
mod vape,128,122,18552,23863,0.69%,0.51%,9.72,8.11
smok alien 220w,128,286,10585,16638,1.21%,1.72%,13.04,9.12
stick v8,128,348,5502,7470,2.33%,4.66%,10.23,7.7
ohms too low,128,180,1843,1107,6.95%,16.26%,5.06,4.42
pod 2019,128,131,1255,1875,10.2%,6.99%,4.42,5.26
freemax twister 80w starter kit,128,67,814,1071,15.72%,6.26%,4.43,4.9
voopoo navi,126,0,13228,0,0.95%,0%,9,0
rda vape meaning,126,101,1217,1438,10.35%,7.02%,1.39,1.59
phix vape,125,125,8959,10005,1.4%,1.25%,7.65,6.95
best vape pod systems,125,132,307,386,40.72%,34.2%,1.13,2.38
vapes that look like juuls,124,130,1080,981,11.48%,13.25%,1.93,1.16
relx vs caliburn,124,160,584,517,21.23%,30.95%,3.75,3.28
mini vape,123,90,7034,5215,1.75%,1.73%,9.03,10.99
smok slm pods,123,0,963,0,12.77%,0%,3.32,0
the best pod 2019,123,83,267,276,46.07%,30.07%,1.7,2.84
rta meaning vape,122,223,1224,1698,9.97%,13.13%,1,1
uwell yearn,121,0,4536,0,2.67%,0%,10.16,0
smok vape novo,121,88,2525,2368,4.79%,3.72%,4.35,4.39
smok novo wont charge,121,261,1165,1758,10.39%,14.85%,4.34,3.69
pod recommended,121,0,1154,0,10.49%,0%,4.44,0
voopoo too,120,120,5833,10585,2.06%,1.13%,7.17,5.18
top vape mods,120,313,3121,3845,3.84%,8.14%,7.62,6.9
ipriv,120,169,2506,3138,4.79%,5.39%,2.42,1.48
novo 2 mesh pod,120,68,1593,933,7.53%,7.29%,4.84,5.28
infinix pods,119,106,2202,3525,5.4%,3.01%,6.25,7.21
vape rba,119,82,1254,1111,9.49%,7.38%,7.33,7.37
rta vape meaning,119,154,855,843,13.92%,18.27%,1.03,1.05
best fruity vape juice 2019,119,123,396,414,30.05%,29.71%,1.97,1.34
smok fetch pro,118,0,4941,0,2.39%,0%,14.08,0
vape pod terbaik,118,168,2535,3379,4.65%,4.97%,4.76,8.22
xfeng baby,118,0,1603,0,7.36%,0%,2.98,0
highest nicotine juice,118,136,1481,877,7.97%,15.51%,1,1.25
rda rta,118,90,830,714,14.22%,12.61%,6.07,5.94
best salt nic pod system,118,138,286,261,41.26%,52.87%,2.09,1.13
top vape pod,118,112,272,362,43.38%,30.94%,1.81,2.94
top pod vapes,117,178,363,560,32.23%,31.79%,2.41,2.37
resa stick,116,259,7360,10816,1.58%,2.39%,6.83,6
pod vape pen,116,0,744,0,15.59%,0%,2.91,0
devices similar to juul,116,63,331,160,35.05%,39.38%,1.53,1.56
the best vape pod,116,65,246,246,47.15%,26.42%,1.81,3.53
dot aio,115,87,6709,5564,1.71%,1.56%,7.87,7.5
smok website,115,88,4482,5334,2.57%,1.65%,2.84,3.22
smok stick x8,115,141,3591,5136,3.2%,2.75%,6.78,6.65
smok novo starter kit,115,116,2239,2111,5.14%,5.5%,6.03,6.13
vape pod price,115,123,1151,1264,9.99%,9.73%,3.64,3.37
smok rpm40 wont turn on,115,0,464,0,24.78%,0%,3.68,0
smok novo 2 replacement pods,114,0,1313,0,8.68%,0%,6.42,0
suorin air vs air plus,114,81,589,235,19.35%,34.47%,2.16,2.1
best salt nic mod,114,150,332,269,34.34%,55.76%,2.17,1.23
types of juuls,113,258,1960,1960,5.77%,13.16%,2.23,1.75
burnt taste vape,113,167,1534,1173,7.37%,14.24%,2.29,1.17
pod system vape 2019,113,140,335,511,33.73%,27.4%,2.81,2.95
vaper shop,112,124,2307,2453,4.85%,5.06%,8.21,8.66
best mtl pod system,112,153,727,800,15.41%,19.12%,5.74,5.18
juul type vapes,112,125,427,492,26.23%,25.41%,1.46,1.59
smok vape won't charge,112,0,390,0,28.72%,0%,2,0
does vape juice go bad,111,191,3278,3443,3.39%,5.55%,2.19,2.06
pod devices,111,0,1698,0,6.54%,0%,3.95,0
smok prince ile wat,111,113,183,175,60.66%,64.57%,1,1
nord kit,110,179,14633,27298,0.75%,0.66%,6.55,6.84
vapepen,110,90,3448,3717,3.19%,2.42%,5.99,6.15
smok nova 2,110,0,2620,0,4.2%,0%,6.54,0
how much nicotine in vape,110,149,875,984,12.57%,15.14%,3.06,2.37
v8 stick vape,110,87,665,589,16.54%,14.77%,2.28,3.05
best vape for salt nic,110,227,439,454,25.06%,50%,2.31,1.96
best vape pods 2020,110,0,366,0,30.05%,0%,3.08,0
best flavor pod,110,114,235,273,46.81%,41.76%,1.42,2.93
difference between rpm and nord,110,0,199,0,55.28%,0%,1.01,0
stick vape,109,117,12567,17964,0.87%,0.65%,3.69,1.8
morph 219,109,174,2765,3534,3.94%,4.92%,5.8,4.82
smok products,109,62,2318,2535,4.7%,2.45%,6.81,7.57
smok pod system,108,136,5676,7734,1.9%,1.76%,4.2,5.6
suorin air plus pod,108,0,3686,0,2.93%,0%,9.56,0
my vape tastes burnt,108,257,637,767,16.95%,33.51%,1.02,1.06
vape pens like juul,108,77,344,251,31.4%,30.68%,1.1,1.35
smok novo 2 light meaning,108,95,247,187,43.72%,50.8%,1,1.02
smok not working,108,181,208,394,51.92%,45.94%,1.66,1.68
vape usa,107,0,4534,0,2.36%,0%,8.18,0
vape shope,107,105,3359,3310,3.19%,3.17%,3.25,3.19
highest nicotine vape juice,107,249,1753,2747,6.1%,9.06%,1,1.07
best vape brand,106,0,2750,0,3.85%,0%,4.6,0
30ml vape tank,106,0,1178,0,9%,0%,4.77,0
pod vape price,106,146,1005,1125,10.55%,12.98%,2.4,2.58
best vape stick 2019,106,116,233,267,45.49%,43.45%,1.37,1.67
difference between nord and rpm,106,0,201,0,52.74%,0%,1.21,0
smok starter kit,105,106,5748,7293,1.83%,1.45%,8.56,8.97
smok priv one,105,182,4508,5754,2.33%,3.16%,6.25,5.53
top vape brands,105,0,3114,0,3.37%,0%,5.8,0
juul substitute,105,0,465,0,22.58%,0%,3.05,0
vaporesso gen,104,323,19007,44391,0.55%,0.73%,10.42,9.1
smok v9 max,104,233,4690,8216,2.22%,2.84%,8.15,6.4
smok nord specs,104,155,1070,1904,9.72%,8.14%,1.42,1.84
types of vapes like juuls,104,0,457,0,22.76%,0%,1.17,0
new pod 2019,104,110,361,593,28.81%,18.55%,1.46,3.04
new pod 2020,104,0,331,0,31.42%,0%,2.22,0
nicotine devices like juul,104,99,231,223,45.02%,44.39%,1.66,1.14
best replacement for juul,104,0,164,0,63.41%,0%,1.64,0
smok prince,103,120,11534,13693,0.89%,0.88%,8.54,8.25
pod aio terbaik,103,0,2631,0,3.91%,0%,5.8,0
ohm too low smok,103,81,824,540,12.5%,15%,3.61,4.73
vape devices like juul,103,0,435,0,23.68%,0%,2.59,0
caliburn vs relx,103,122,359,345,28.69%,35.36%,3.38,3.58
best salt nic vapes 2020,103,0,271,0,38.01%,0%,1.97,0
why does my vape taste burnt even with a new coil,102,193,1169,1490,8.73%,12.95%,1.2,1.1
rba meaning vape,102,0,1022,0,9.98%,0%,1,0
what is rba vape,102,68,689,377,14.8%,18.04%,1,1
best pod 2019 malaysia,102,0,573,0,17.8%,0%,3.07,0
smok ohms too high,102,130,280,329,36.43%,39.51%,1.16,1.64
support@vaping.com,102,0,119,0,85.71%,0%,1.01,0
drag 2 platinum,101,307,6650,22271,1.52%,1.38%,7.62,7.04
vape starter kits,101,166,5482,4997,1.84%,3.32%,8.62,8.57
smok.com,101,192,4717,5310,2.14%,3.62%,5.99,5.82
vape mods 2019,101,513,2075,3893,4.87%,13.18%,6.87,3.58
best smok tank,101,76,917,943,11.01%,8.06%,4.47,6.55
smok ohm too low,101,73,426,458,23.71%,15.94%,2.4,4.45
why are juul pods so expensive,101,145,359,330,28.13%,43.94%,1.04,1.09
juul like products,101,0,349,0,28.94%,0%,2.48,0
top 10 pod vapes,101,96,181,276,55.8%,34.78%,1.11,2.92
vaping com,101,353,125,385,80.8%,91.69%,1,1
vapor pen,100,0,6125,0,1.63%,0%,5,0
smok nord won't turn on,100,315,1256,1886,7.96%,16.7%,4.34,3.11
sigelei chronus coils,100,76,846,475,11.82%,16%,3.42,3.04
is salt nic bad for you,100,149,837,1352,11.95%,11.02%,2.75,3.49
is salt nicotine bad,100,142,431,302,23.2%,47.02%,1.9,1.06
best mod pod,100,0,409,0,24.45%,0%,2.51,0
pod terbaik 2019 indonesia,99,503,3992,7438,2.48%,6.76%,1.99,7.24
throat hit,99,146,2132,2025,4.64%,7.21%,3.69,3.93
best mods 2020,99,0,587,0,16.87%,0%,5.83,0
best pod flavors,99,131,519,666,19.08%,19.67%,3.7,4.41
novo vape pen,99,0,302,0,32.78%,0%,1.93,0
drop vape,98,168,6838,8608,1.43%,1.95%,5.24,4.21
smok novo 1,98,0,2000,0,4.9%,0%,5.74,0
novo 2 not hitting,98,76,1964,992,4.99%,7.66%,5.37,4.73
atomizer short smok,98,0,1098,0,8.93%,0%,5.53,0
pod 2020,98,0,739,0,13.26%,0%,5.31,0
best pods 2020,98,0,380,0,25.79%,0%,3.53,0
ohms too high smok,98,131,342,460,28.65%,28.48%,2.3,1.92
top pod system 2019,98,156,282,542,34.75%,28.78%,3.13,3.35
smok novo pre filled pods,98,84,185,143,52.97%,58.74%,1.08,1.15
vape juice nicotine levels,97,0,1901,0,5.1%,0%,4.24,0
juul battery mah,97,233,1343,1945,7.22%,11.98%,2.76,1.42
smok priv n19 replacement coils,97,0,567,0,17.11%,0%,2.89,0
top pod systems,97,64,223,256,43.5%,25%,1.91,4.12
best compact vapes,97,88,168,155,57.74%,56.77%,1.43,1.65
online vape store,96,0,4152,0,2.31%,0%,14.86,0
suorin air plus cartridge,96,0,1550,0,6.19%,0%,7.85,0
smok novo 2 not charging,96,0,973,0,9.87%,0%,4.15,0
small vape devices,96,232,335,880,28.66%,26.36%,1.38,1.09
best pod style vape,96,86,204,167,47.06%,51.5%,1.71,2.49
pod aio terbaik 2019,95,70,1206,620,7.88%,11.29%,3.34,4.49
refillable vape,95,0,1012,0,9.39%,0%,7.36,0
smok twister,95,102,529,561,17.96%,18.18%,1.27,1.08
the best pod system,95,148,313,646,30.35%,22.91%,2.77,2.84
smok nord tastes burnt,95,81,258,216,36.82%,37.5%,1.4,1.26
smok tanks,94,114,7752,8111,1.21%,1.41%,8.49,7.68
starter kit vape,94,177,2370,3288,3.97%,5.38%,6.01,4.1
new coil tastes burnt,94,296,1080,1684,8.7%,17.58%,1.73,1.31
best fruit e juice,94,138,915,964,10.27%,14.32%,4.75,3.42
top 10 vape pods,94,97,215,268,43.72%,36.19%,1.25,2.56
smok troubleshooting,94,136,161,215,58.39%,63.26%,1.14,1.02
smok priv v8 kit,93,82,2767,3811,3.36%,2.15%,7.66,7.13
smok ipriv,93,144,1648,2395,5.64%,6.01%,3.44,2.79
vape coil price,93,87,1132,1177,8.22%,7.39%,4.65,4.24
how to clean a vape tank,93,154,666,828,13.96%,18.6%,2.45,2.8
pod based vape,93,0,412,0,22.57%,0%,2.07,0
best vaping pod system,93,86,173,200,53.76%,43%,1.53,2.32
vinci mod pod,92,0,11643,0,0.79%,0%,7.81,0
vaporesso gen kit,92,262,3837,7111,2.4%,3.68%,8.47,6.75
smok priv m17,92,143,2751,4511,3.34%,3.17%,6.56,6.21
smok novo not hitting,92,173,1292,2084,7.12%,8.3%,4.3,4.48
tiny vape,92,76,1017,1190,9.05%,6.39%,2.84,2.46
vaping blog,92,199,733,881,12.55%,22.59%,2.07,1.91
best flavor pod system,92,157,184,409,50%,38.39%,1.42,2.77
vape. com,92,91,135,161,68.15%,56.52%,1.07,1.07
vaping pens,91,104,5041,6560,1.81%,1.59%,7.45,6.48
vape box mod kit,91,169,2923,3693,3.11%,4.58%,6.54,5.91
high nicotine vape juice,91,148,1707,1665,5.33%,8.89%,5.67,3.83
what is rda vape,91,92,879,1042,10.35%,8.83%,1.61,1.92
vape pin,90,70,2496,3224,3.61%,2.17%,3.56,4.77
parts of vape,90,130,2070,2980,4.35%,4.36%,3.29,3.19
pod vape terbaik indonesia 2019,90,88,1874,2039,4.8%,4.32%,4.36,6.72
smok m2 coil,90,124,1132,1391,7.95%,8.91%,4.29,4.02
different types of juuls,90,127,1040,1031,8.65%,12.32%,1.86,1.07
salt vape mods,90,71,690,487,13.04%,14.58%,4.77,4.21
smok v fin battery error,90,96,484,515,18.6%,18.64%,4.11,3.66
vape store online,89,0,4625,0,1.92%,0%,16.62,0
smok ecig,89,150,3428,3539,2.6%,4.24%,6.25,5.06
smok nord 2 release date,89,0,1180,0,7.54%,0%,7.23,0
novo smok vape,89,106,824,1477,10.8%,7.18%,4.21,4.38
triangle vape,89,104,823,863,10.81%,12.05%,1.78,1.23
best smok pod,89,0,227,0,39.21%,0%,1.57,0
what do you need to vape,89,88,157,171,56.69%,51.46%,1.59,1.82
vape rta,88,104,2613,2801,3.37%,3.71%,8.29,6.27
vape.pen,88,88,1855,2330,4.74%,3.78%,4.27,4.87
the truth about vaping,88,388,1373,4357,6.41%,8.91%,9.59,9.43
top vape mods 2019,88,296,800,1199,11%,24.69%,6.51,3.45
rba atomizer,88,113,765,788,11.5%,14.34%,3.78,3.37
why is my smok vape not charging,88,0,514,0,17.12%,0%,1.45,0
smok vape parts,88,90,444,571,19.82%,15.76%,1.63,1.6
best nic salt vapes,88,141,304,272,28.95%,51.84%,2.29,1.22
best pod mods 2020,88,0,238,0,36.97%,0%,2.66,0
best small vape 2019,88,66,123,105,71.54%,62.86%,1.03,1.2
best tank for flavor,87,66,2114,1720,4.12%,3.84%,6.91,8.75
rba tank,87,71,1663,1676,5.23%,4.24%,5.52,5.09
new vape mods 2020,87,0,563,0,15.45%,0%,4.06,0
small vape device,87,0,461,0,18.87%,0%,2.42,0
best refillable pod systems,87,195,312,454,27.88%,42.95%,1.25,3.88
popular vape brands,86,0,3039,0,2.83%,0%,4.21,0
smok stick v8 kit,86,82,2048,2109,4.2%,3.89%,12.35,9.48
vape mods 2020,86,0,469,0,18.34%,0%,4.76,0
vape brands like juul,86,0,345,0,24.93%,0%,2.68,0
nord 2 vs nord,86,0,162,0,53.09%,0%,3.22,0
stick prince,85,111,8938,12621,0.95%,0.88%,9.56,7.27
nord aio 19,85,63,1849,2610,4.6%,2.41%,6.81,6.59
moti vape pod,85,104,1826,3346,4.65%,3.11%,5.96,6.41
are nicotine salts safe,85,219,973,1593,8.74%,13.75%,2.69,2.08
rta rda,85,89,339,529,25.07%,16.82%,5.09,4.94
difference between rpm and nord coils,85,0,251,0,33.86%,0%,1.05,0
ul amulet,85,65,184,178,46.2%,36.52%,1.01,2.28
vinci pod,84,0,20524,0,0.41%,0%,7.94,0
smok vape mod,84,103,7207,8166,1.17%,1.26%,9.43,7.67
smoke pod,84,0,5832,0,1.44%,0%,5.99,0
target pm80,84,0,5193,0,1.62%,0%,8.25,0
vaping kits,84,103,2185,2270,3.84%,4.54%,10.04,10.37
drag nano pod kit,84,0,1807,0,4.65%,0%,6.62,0
vapes pens,84,0,1029,0,8.16%,0%,2.27,0
vapes with pods,84,0,694,0,12.1%,0%,3.04,0
knock off juul,84,0,363,0,23.14%,0%,2.41,0
smok ohms too low,84,0,280,0,30%,0%,1.85,0
best pod system for salt nic,84,137,227,252,37%,54.37%,3.37,1.53
rta tank,83,90,3672,4819,2.26%,1.87%,13.67,12.94
vape rda,83,133,3019,3963,2.75%,3.36%,7.64,5.8
best mod vape 2019,83,261,1071,1727,7.75%,15.11%,7.73,4.94
truth about vaping,83,212,926,2186,8.96%,9.7%,9.78,10.24
smok morph 219 price,83,98,626,468,13.26%,20.94%,2.57,1.62
smok novo 2 salt nic,83,0,229,0,36.24%,0%,1.03,0
best nic salt pod system,83,116,195,233,42.56%,49.79%,2.51,1.24
e cig like juul,83,0,140,0,59.29%,0%,1.59,0
compact vape,82,0,801,0,10.24%,0%,5.37,0
first time vaping,82,78,518,453,15.83%,17.22%,2.8,3.66
how to reset smok vape,82,81,262,244,31.3%,33.2%,1.78,2.27
best naked vape juice,82,91,246,195,33.33%,46.67%,1.01,1
smok mag p3,81,190,6748,5754,1.2%,3.3%,10.2,9.58
smok nord aio 19,81,79,2269,2926,3.57%,2.7%,6.27,6.03
juul pod alternative,81,156,1462,1784,5.54%,8.74%,8.7,6.55
best tank vape,81,0,1429,0,5.67%,0%,6.4,0
novo vape kit,81,0,682,0,11.88%,0%,4.56,0
pre filled novo pods,81,0,198,0,40.91%,0%,1.38,0
vape uk,80,0,4584,0,1.75%,0%,15.87,0
drag nano pod,80,0,4380,0,1.83%,0%,8.31,0
novo smok 2,80,0,1915,0,4.18%,0%,6.62,0
vape pena,80,0,1495,0,5.35%,0%,4.49,0
disposable vape tastes burnt,80,0,1396,0,5.73%,0%,3.22,0
nova smok,80,114,1142,1380,7.01%,8.26%,4.42,3.77
salt nic vape mod,80,69,1075,677,7.44%,10.19%,6.27,5.09
smok nord vs caliburn,80,112,1045,1942,7.66%,5.77%,5.9,7.41
salt nic vape devices,80,93,367,203,21.8%,45.81%,2.3,1.51
suorin air plus vs suorin air,80,215,201,591,39.8%,36.38%,1.86,1.49
smok nord vs,80,0,199,0,40.2%,0%,3.55,0
smok nord taste burnt with new coil,80,63,161,116,49.69%,54.31%,1.23,1.16
pod best seller,80,0,140,0,57.14%,0%,1.09,0
how long do vape coils last,79,71,1934,2138,4.08%,3.32%,5.46,6.88
pods terbaik 2019,79,70,1453,665,5.44%,10.53%,4.96,5.62
best aio vape,79,0,1349,0,5.86%,0%,9.71,0
novo wont charge,79,86,1208,1747,6.54%,4.92%,4.75,5.73
cleaning vape tank,79,91,657,610,12.02%,14.92%,1.11,1.12
smok salt nic devices,79,116,396,367,19.95%,31.61%,2.34,1.15
smok rpm salt nic coil,79,0,351,0,22.51%,0%,2.91,0
smallest pod vape,79,0,269,0,29.37%,0%,3.86,0
smok won't charge,79,0,189,0,41.8%,0%,1.16,0
best pod based vapes,79,0,158,0,50%,0%,1.57,0
best pod stick,79,0,135,0,58.52%,0%,1.02,0
best stealth vape,78,104,690,716,11.3%,14.53%,3.52,3.01
best vape mod for flavor,78,0,690,0,11.3%,0%,3.89,0
best salt nic vapes 2019,78,219,678,771,11.5%,28.4%,1.64,1.41
burnt coil taste,78,0,368,0,21.2%,0%,1.04,0
what is rta vape,78,163,343,655,22.74%,24.89%,1.05,1.03
latest pod vape,78,0,228,0,34.21%,0%,2.09,0
small vapes like juul,78,0,211,0,36.97%,0%,1.03,0
best smok pod system,78,0,187,0,41.71%,0%,1.89,0
vape websites,77,0,2052,0,3.75%,0%,17.47,0
smok nord coils free shipping,77,0,1166,0,6.6%,0%,8.42,0
cheap pod systems,77,0,1133,0,6.8%,0%,4.57,0
new pod systems,77,100,789,1008,9.76%,9.92%,3.62,3.93
small vape pods,77,0,674,0,11.42%,0%,2.29,0
best box mods 2020,77,0,626,0,12.3%,0%,5.59,0
novo 2 wattage,77,0,559,0,13.77%,0%,1.87,0
best mini vapes,77,0,339,0,22.71%,0%,4.66,0
which novo 2 pod is for salt nic,77,0,309,0,24.92%,0%,1.02,0
best salt nic device 2020,77,0,203,0,37.93%,0%,2.29,0
juul equivalent,77,0,195,0,39.49%,0%,2.82,0
best pod e cig,77,0,135,0,57.04%,0%,1.41,0
best small vapes 2019,77,127,126,218,61.11%,58.26%,1.01,1.04
novo 1,76,0,3176,0,2.39%,0%,8.75,0
salt nic vape,76,94,2374,2841,3.2%,3.31%,8.97,7.31
aspire mulus,76,0,2199,0,3.46%,0%,14.63,0
smok pod systems,76,0,1079,0,7.04%,0%,2.35,0
v8 stick smok,76,0,361,0,21.05%,0%,2.82,0
smok nord wont charge,76,204,246,845,30.89%,24.14%,1.76,2.04
smok novo 2 salt nic pod,76,0,168,0,45.24%,0%,1,0
smok mod,75,210,13418,16718,0.56%,1.26%,7.88,7.21
juice vape,75,202,10445,14597,0.72%,1.38%,9.43,7.4
pod terbaru,75,86,919,882,8.16%,9.75%,2.25,2.59
smok nord short circuit fix,75,708,892,2307,8.41%,30.69%,3.96,2.76
smok rpm40 not turning on,75,0,514,0,14.59%,0%,4.21,0
smok novo 2 wattage,75,0,336,0,22.32%,0%,2.12,0
best mod vape,74,172,2600,3591,2.85%,4.79%,9.54,8.05
vaporesso luxe mod,74,120,1795,2499,4.12%,4.8%,7.67,6.7
lowest nicotine vape,74,0,623,0,11.88%,0%,2.49,0
refillable pod vapes,74,0,453,0,16.34%,0%,4.62,0
teardrop shaped vape,74,93,208,309,35.58%,30.1%,1,1
difference between rda and rta,74,131,198,393,37.37%,33.33%,1.03,1.02
best draw activated vape,74,0,177,0,41.81%,0%,2.36,0
best open pod system,74,0,157,0,47.13%,0%,1.75,0
best pod ecig,74,120,123,225,60.16%,53.33%,1.27,4.12
vandy vape,73,99,18952,11096,0.39%,0.89%,8,10.34
best vape pen,73,0,7353,0,0.99%,0%,32.3,0
orion q pro,73,0,6643,0,1.1%,0%,9.31,0
best vaporesso kit,73,0,989,0,7.38%,0%,3.1,0
smok nord wont hit,73,65,745,1170,9.8%,5.56%,4.55,4.78
best nic salt mods,73,119,543,493,13.44%,24.14%,2.93,1.24
smok rpm40 problems,73,0,456,0,16.01%,0%,5.24,0
best pod mods 2019,73,0,355,0,20.56%,0%,2.3,0
priv n19 coils,73,0,313,0,23.32%,0%,2.55,0
juul alternative canada,73,0,231,0,31.6%,0%,1.61,0
best smok vape pen,73,0,223,0,32.74%,0%,2.24,0
vapes like the juul,73,0,195,0,37.44%,0%,2.31,0
obs cube mini,72,86,3988,4852,1.81%,1.77%,8.61,7.73
vape ahop,72,0,3771,0,1.91%,0%,2.78,0
vape alternative,72,66,2581,2454,2.79%,2.69%,7.22,5.83
suorin air plus pods,72,0,2349,0,3.07%,0%,9.91,0
free max twister,72,82,1573,2211,4.58%,3.71%,4.71,4.86
smok novo 2 charging light,72,0,1311,0,5.49%,0%,4.17,0
smok priv v8 coils,72,109,937,1066,7.68%,10.23%,3.47,3.81
smok rpm40 ohms too high,72,0,345,0,20.87%,0%,3.4,0
iqos or vape,72,141,250,424,28.8%,33.25%,4.16,3.07
things like juul,72,0,160,0,45%,0%,1.62,0
smok species ohms too high,72,73,128,128,56.25%,57.03%,1.03,1.11
latest pod system,72,0,125,0,57.6%,0%,1.23,0
whats better than juul,72,0,106,0,67.92%,0%,1.48,0
smok pod,71,0,24127,0,0.29%,0%,2.3,0
box mod kit,71,119,3150,2616,2.25%,4.55%,4.93,4.51
novo colors,71,115,2005,2815,3.54%,4.09%,1.15,1.18
smok mico price,71,101,996,738,7.13%,13.69%,3.53,2.42
smok.novo,71,84,981,1483,7.24%,5.66%,4.89,5.34
nic devices,71,0,657,0,10.81%,0%,2.6,0
best vape kit 2020,71,0,535,0,13.27%,0%,6.13,0
novo 2 juice,71,0,462,0,15.37%,0%,3.16,0
pod terbaik malaysia,71,0,341,0,20.82%,0%,6.06,0
vape tastes burnt with new coil,71,63,239,130,29.71%,48.46%,1.5,1.12
best salt nic pod,71,97,163,215,43.56%,45.12%,1.9,1.26
best refillable pod system 2019,71,0,149,0,47.65%,0%,1.87,0
smok morph ohms too high,71,0,138,0,51.45%,0%,1.31,0
nicotine salt,70,107,7586,7365,0.92%,1.45%,13.68,12.22
infinix vape,70,120,6742,8772,1.04%,1.37%,8.53,7.02
tarot baby,70,0,3839,0,1.82%,0%,8.87,0
smok t storm,70,0,2736,0,2.56%,0%,7.23,0
can vape juice go bad,70,0,2421,0,2.89%,0%,2.73,0
mod pod terbaik,70,0,1565,0,4.47%,0%,5.26,0
smok nord not turning on,70,264,1267,2169,5.52%,12.17%,5.19,3.73
vapes like juuls,70,70,346,266,20.23%,26.32%,2.26,1.83
best refillable pod vape 2020,70,0,190,0,36.84%,0%,1.29,0
smoking devices like juul,70,0,171,0,40.94%,0%,1.57,0
vaping kit,69,141,3676,3539,1.88%,3.98%,4.79,5.06
vaping juice,69,136,3271,4471,2.11%,3.04%,8.2,6.64
mini vapes,69,0,1957,0,3.53%,0%,7.33,0
resa stick smok,69,98,1505,1641,4.58%,5.97%,5.14,4.68
what is an rta,69,0,1437,0,4.8%,0%,1.21,0
refillable vapes,69,0,913,0,7.56%,0%,6.65,0
smok salt nic vapes,69,69,447,375,15.44%,18.4%,3.7,2.3
top vape mods 2020,69,0,374,0,18.45%,0%,4.6,0
rda,68,136,11798,61541,0.58%,0.22%,11.48,9.72
stick prince vape,68,0,4129,0,1.65%,0%,7.17,0
vaoe shop,68,68,2927,2757,2.32%,2.47%,2.84,3.4
mtl vape meaning,68,69,1605,2216,4.24%,3.11%,3.54,4.43
biggest vape tank,68,121,1150,1369,5.91%,8.84%,4.43,2.55
smok slm kit,68,0,480,0,14.17%,0%,3.23,0
small pod vape,68,0,327,0,20.8%,0%,2.16,0
best alternatives to juul,68,0,134,0,50.75%,0%,2.1,0
smok vape troubleshooting,68,0,99,0,68.69%,0%,1.33,0
coils,67,0,39035,0,0.17%,0%,10.22,0
vaporesso renova zero,67,80,4055,5572,1.65%,1.44%,9.69,9.44
smok x8,67,74,3121,3243,2.15%,2.28%,7.28,5.84
smok 2,67,0,2333,0,2.87%,0%,6.96,0
best tanks vape,67,85,1452,1179,4.61%,7.21%,5.76,6.06
kangertech nebox,67,0,1433,0,4.68%,0%,9.51,0
how to clean your vape,67,76,471,502,14.23%,15.14%,2.3,2.53
stig tastes burnt,67,0,305,0,21.97%,0%,3.97,0
best pod device 2019,67,0,279,0,24.01%,0%,1.66,0
juul dupes,67,0,134,0,50%,0%,2.5,0
best box mod,66,72,3133,3343,2.11%,2.15%,8.82,10.71
cvape,66,65,2592,2815,2.55%,2.31%,5.28,6.15
nicotine vape juice,66,67,1856,1629,3.56%,4.11%,16.27,22.02
skrr-s tank,66,0,1296,0,5.09%,0%,6.47,0
uwell caliburn vs smok nord,66,122,686,1430,9.62%,8.53%,5.09,6.58
smok models,66,0,310,0,21.29%,0%,1.84,0
ipv aspect pods,66,83,251,223,26.29%,37.22%,2.87,1.97
best vaporesso mod,66,0,228,0,28.95%,0%,2.36,0
new salt nic devices,66,68,175,200,37.71%,34%,1.74,1.31
best pod kit 2019,66,68,150,211,44%,32.23%,3.32,4.18
what is the best pod vape,66,0,145,0,45.52%,0%,1.23,0
smok rpm coil differences,66,0,125,0,52.8%,0%,1.16,0
revenger x,65,92,5943,7755,1.09%,1.19%,13.29,10.33
smok devilkin,65,136,5442,9454,1.19%,1.44%,8.9,6.85
what is salt nicotine,65,99,5262,6224,1.24%,1.59%,9.06,7.95
how much nicotine is in a vape,65,118,4337,5345,1.5%,2.21%,7.07,4.99
smok nord not firing,65,273,2783,3831,2.34%,7.13%,6.84,4.98
why wont my novo charge,65,74,1571,1837,4.14%,4.03%,4.16,5.85
shop vape,65,72,1529,1734,4.25%,4.15%,9.2,8.91
novo not charging,65,74,1091,1397,5.96%,5.3%,4.29,5.28
vape systems,65,76,965,1051,6.74%,7.23%,3.71,3.53
smok novo 2 juice,65,0,327,0,19.88%,0%,3.21,0
smok vape models,65,0,269,0,24.16%,0%,1.94,0
sub ohm pod system,65,0,175,0,37.14%,0%,2.22,0
smok nord taste burnt,65,117,163,403,39.88%,29.03%,1.5,1.88
rda and rta,65,104,153,293,42.48%,35.49%,1.13,1.08
best discreet vape 2019,65,0,98,0,66.33%,0%,1.05,0
vaping.com track order,65,0,69,0,94.2%,0%,1,0
smoke nord,64,95,9642,13543,0.66%,0.7%,5.87,6.23
does vape juice expire,64,0,9515,0,0.67%,0%,5.77,0
vaping mods,64,77,4743,4718,1.35%,1.63%,9.29,10.13
juul mint pods,64,0,2496,0,2.56%,0%,14.7,0
best vape tank for flavor 2019,64,0,1037,0,6.17%,0%,8.03,0
flavour pod terbaik,64,0,925,0,6.92%,0%,5.49,0
best pod vape 2018,64,236,430,1204,14.88%,19.6%,5.98,7.66
are nic salts safe,64,137,375,657,17.07%,20.85%,2.95,2.14
clean vape tank,64,82,335,290,19.1%,28.28%,1.02,1.15
best salt nic juice malaysia,64,0,238,0,26.89%,0%,3.68,0
smok vape not turning on,64,0,209,0,30.62%,0%,3.44,0
vape maintenance,64,91,195,329,32.82%,27.66%,1,1.02
voopoo vinci x,63,0,3840,0,1.64%,0%,17.72,0
smok stick v9 max,63,165,3675,6759,1.71%,2.44%,10.07,7.81
suorin drop vape,63,85,2401,3618,2.62%,2.35%,6.45,5.96
how long does a vape coil last,63,0,2266,0,2.78%,0%,5.55,0
vaping pod,63,0,1567,0,4.02%,0%,4.15,0
online vape stores,63,0,1367,0,4.61%,0%,17.01,0
vape pins,63,0,1190,0,5.29%,0%,3.08,0
vape tastes burnt new coil,63,133,938,951,6.72%,13.99%,1.54,1.1
juul mah,63,90,692,974,9.1%,9.24%,2.77,2.4
smok atomizer short,63,0,669,0,9.42%,0%,6.1,0
nord not hitting,63,0,548,0,11.5%,0%,3.85,0
smok novo 2 vape,63,0,407,0,15.48%,0%,5.06,0
smok species won't turn on,63,78,186,180,33.87%,43.33%,3.04,2.51
best vapes like juul,63,63,179,135,35.2%,46.67%,3.12,1.84
burnt taste in vape,63,85,139,261,45.32%,32.57%,1.03,1.08
best naked 100 flavor,63,0,94,0,67.02%,0%,1.01,0
caliburn uwell,62,0,7957,0,0.78%,0%,10.82,0
how to fix a burnt pod,62,62,1131,816,5.48%,7.6%,4.35,4.08
caliburn burnt taste,62,65,429,190,14.45%,34.21%,3.24,2.09
simple vape pen,62,0,387,0,16.02%,0%,1.72,0
smok mag replacement parts,62,0,385,0,16.1%,0%,2.24,0
vape juice strengths,62,0,289,0,21.45%,0%,1.21,0
smok nord 2 vs nord,62,0,154,0,40.26%,0%,3.43,0
is vaping salt nicotine bad for you,62,151,103,248,60.19%,60.89%,1.15,1.3
smok novo 2 vs 1,62,0,89,0,69.66%,0%,2.11,0
the vape shop,61,0,16314,0,0.37%,0%,11.59,0
smok mag grip,61,97,7431,10820,0.82%,0.9%,8.91,8.31
vaporesso swag kit,61,274,3943,9641,1.55%,2.84%,10.56,7.36
priv n19,61,0,1856,0,3.29%,0%,5.82,0
aio pod terbaik,61,0,1095,0,5.57%,0%,8.1,0
smok v9 max coils,61,146,995,1009,6.13%,14.47%,4.12,1.9
twister 80w vape,61,0,313,0,19.49%,0%,3.91,0
smok novo 2 pods for salt nic,61,0,207,0,29.47%,0%,1.09,0
is salt nicotine safe,61,62,202,213,30.2%,29.11%,2.57,2.43
50 nic vapes,61,0,184,0,33.15%,0%,1.99,0
caliburn koko spec,61,0,142,0,42.96%,0%,1.8,0
small refillable vape,61,84,116,282,52.59%,29.79%,2.42,4.74
vaping.com shipping,61,0,80,0,76.25%,0%,1,0
skrr tank,60,0,2339,0,2.57%,0%,9.57,0
vape.juice,60,0,2188,0,2.74%,0%,7.74,0
best box mods,60,0,2147,0,2.79%,0%,8.49,0
vape mod starter kit,60,61,1943,2090,3.09%,2.92%,9.41,8.58
vapes.com,60,0,1913,0,3.14%,0%,4.16,0
highest nic juice,60,0,857,0,7%,0%,1.01,0
vape juices online,60,0,787,0,7.62%,0%,7.28,0
new coil tastes burnt smok,60,74,614,776,9.77%,9.54%,1.92,1.31
cheaper alternative to juul,60,89,224,233,26.79%,38.2%,2.63,2.49
best vape pod malaysia,60,0,210,0,28.57%,0%,5.6,0
smallest vape pod,60,0,207,0,28.99%,0%,2.47,0
burnt disposable vape,60,0,185,0,32.43%,0%,1.75,0
best salt nic vape 2020,60,0,140,0,42.86%,0%,1.87,0
why does my nord taste burnt with new coil,60,76,138,256,43.48%,29.69%,1.07,1
smok nord vs smok nord 2,60,0,126,0,47.62%,0%,3.79,0
vaping faq,60,0,118,0,50.85%,0%,1.61,0
difference between novo 1 and novo 2,60,0,112,0,53.57%,0%,2.79,0
fetch pod,59,0,15050,0,0.39%,0%,7.22,0
mods vape,59,0,5922,0,1%,0%,10.87,0
best mods,59,0,5465,0,1.08%,0%,8.97,0
wismec r80,59,0,3757,0,1.57%,0%,11.95,0
voopoo drag nano pod,59,0,2656,0,2.22%,0%,8.7,0
novo vapes,59,0,2024,0,2.92%,0%,6.21,0
vape mod kit,59,99,1989,2370,2.97%,4.18%,8.07,6.75
vape website,59,0,1769,0,3.34%,0%,9.54,0
smok. com,59,0,1456,0,4.05%,0%,3.07,0
smok resa stick coil,59,180,1236,1685,4.77%,10.68%,4.73,3.29
vape pod devices,59,0,732,0,8.06%,0%,4.19,0
novo 2 mesh pods,59,0,446,0,13.23%,0%,4.46,0
novo2 pods,59,0,388,0,15.21%,0%,3.8,0
novo.,59,0,332,0,17.77%,0%,3.61,0
suorin air vs suorin air plus,59,171,190,631,31.05%,27.1%,2.62,2.06
difference between rta and rda,59,95,168,221,35.12%,42.99%,1.73,1.11
the best pod system 2019,59,0,120,0,49.17%,0%,2.2,0
best e cig pod system,59,0,94,0,62.77%,0%,2.01,0
ecigs similar to juul,59,0,70,0,84.29%,0%,1.09,0
mint juul pods,58,0,3765,0,1.54%,0%,17.56,0
vape shoo,58,0,1738,0,3.34%,0%,2.98,0
smoke novo 2,58,0,1657,0,3.5%,0%,6.73,0
smok novo 2 starter kit,58,0,805,0,7.2%,0%,6.98,0
best mini vape,58,173,784,1088,7.4%,15.9%,5.64,8.3
sub ohm pod,58,0,591,0,9.81%,0%,3.12,0
tiny vapes,58,0,372,0,15.59%,0%,1.85,0
nord 2 release date,58,0,348,0,16.67%,0%,3.9,0
salt nic device,58,100,311,276,18.65%,36.23%,2.7,2.01
vape com,58,0,298,0,19.46%,0%,1.2,0
smok nic salt vape,58,0,295,0,19.66%,0%,3.49,0
rta tank meaning,58,0,184,0,31.52%,0%,1,0
small vaping devices,58,0,183,0,31.69%,0%,1.15,0
latest vape pod,58,0,169,0,34.32%,0%,2.23,0
vapes that are like juuls,58,0,161,0,36.02%,0%,1.16,0
best small pod vape,58,0,146,0,39.73%,0%,2.23,0
best open pod vape,58,128,125,262,46.4%,48.85%,2.97,4.03
vape alternative to juul,58,0,104,0,55.77%,0%,1.39,0
vape brands,57,71,11308,14011,0.5%,0.51%,6.21,11.46
voopoo vinci pod,57,0,3743,0,1.52%,0%,7.61,0
vape tank,57,0,3668,0,1.55%,0%,13.51,0
vapejuice,57,83,2522,2425,2.26%,3.42%,8.15,7.12
rx 2/3,57,110,1702,2768,3.35%,3.97%,4.48,2.89
uwell crown pod review,57,0,1584,0,3.6%,0%,7.53,0
vapes.,57,0,1551,0,3.68%,0%,6.11,0
pod terbaik indonesia,57,0,1102,0,5.17%,0%,3.75,0
snowwolf mfeng coils,57,96,681,802,8.37%,11.97%,3.96,3.09
why wont my nord hit,57,0,510,0,11.18%,0%,3.77,0
is salt nic bad,57,157,466,748,12.23%,20.99%,3.39,3.09
sigelei shikra coil compatibility,57,0,404,0,14.11%,0%,1.07,0
juul look alikes,57,0,387,0,14.73%,0%,1.04,0
vaporesso luxe zv,57,65,244,512,23.36%,12.7%,4.44,4.64
good small vapes,57,63,161,193,35.4%,32.64%,1.81,1.28
top 10 pod system 2019,57,95,135,220,42.22%,43.18%,3.09,3.6
best small vape device,57,123,103,324,55.34%,37.96%,1.5,2.39
novo 2 vs novo 1,57,108,96,213,59.38%,50.7%,2.51,1.45
vaporesso,56,508,34687,117109,0.16%,0.43%,10.85,7.9
smok nord price,56,355,9343,13256,0.6%,2.68%,7.84,6.16
vap shop,56,73,3511,3111,1.59%,2.35%,5.8,4.39
freemax gemm disposable tank,56,0,1145,0,4.89%,0%,9.71,0
refillable vape pods,56,73,1055,686,5.31%,10.64%,7.05,5.71
smok stick prince wattage,56,83,922,1232,6.07%,6.74%,2.24,1.91
smok morph 219 battery,56,92,600,426,9.33%,21.6%,3.9,2.89
is nicotine salt bad for you,56,0,503,0,11.13%,0%,2.42,0
atomizer short,56,0,478,0,11.72%,0%,24.98,0
smok wont turn on,56,84,267,338,20.97%,24.85%,4.47,3.64
shikra coils,56,0,248,0,22.58%,0%,2.81,0
top salt nic vapes,56,176,237,367,23.63%,47.96%,2.07,1.07
nord not charging,56,72,227,319,24.67%,22.57%,1.78,2.92
smok rpm40 not working,56,0,184,0,30.43%,0%,4.57,0
vapes like a juul,56,0,166,0,33.73%,0%,1.09,0
the best pod mod 2019,56,0,142,0,39.44%,0%,3.02,0
best vaporesso tank,56,0,96,0,58.33%,0%,1.61,0
smok vape stopped working,56,0,91,0,61.54%,0%,2.48,0
buy vape juice online,55,0,4445,0,1.24%,0%,14.23,0
vinci pod mod,55,0,3638,0,1.51%,0%,6.96,0
vapes online,55,0,2604,0,2.11%,0%,12.73,0
moti pod,55,83,2473,5243,2.22%,1.58%,6.28,5.13
vape online store,55,0,1724,0,3.19%,0%,12.58,0
profile 1.5 rda,55,0,1472,0,3.74%,0%,11.63,0
voopoo drag nano pod kit,55,0,1112,0,4.95%,0%,7.33,0
how much nicotine in a vape,55,138,1075,1342,5.12%,10.28%,3.64,2.22
smok novo 2 mesh pod,55,0,484,0,11.36%,0%,4.8,0
novo 2 quartz pod review,55,0,478,0,11.51%,0%,6.99,0
best vape box mod 2019,55,197,462,736,11.9%,26.77%,6.56,3.5
how much is a vape pod,55,0,428,0,12.85%,0%,2.29,0
novo 2 charging,55,0,422,0,13.03%,0%,3.61,0
best juice for smok novo,55,0,345,0,15.94%,0%,3.11,0
priv v8 coils,55,0,208,0,26.44%,0%,1.98,0
vapes with refillable pods,55,0,143,0,38.46%,0%,1.69,0
smok novo vs smok novo 2,55,121,137,245,40.15%,49.39%,1.45,1.4
best pod aio,55,0,134,0,41.04%,0%,3.49,0
how to fix a smok vape,55,0,124,0,44.35%,0%,1.1,0
best naked 100 juice,55,73,122,150,45.08%,48.67%,1,1
mods,0,625,0,75998,0%,0.82%,0,7.28
best nic salt juice,0,443,0,5360,0%,8.26%,0,8.54
voopoo find s trio,0,343,0,8694,0%,3.95%,0,5.57
best refillable pod vape 2018,0,338,0,1445,0%,23.39%,0,6.66
smok novo 2 vs nord,0,328,0,2546,0%,12.88%,0,4.63
smok nord vs novo 2,0,291,0,2627,0%,11.08%,0,5.16
suorin air vs drop,0,280,0,727,0%,38.51%,0,3.54
rpm40 smok,0,257,0,24073,0%,1.07%,0,7.84
smok vape pen 22,0,247,0,23643,0%,1.04%,0,9.77
snowwolf mfeng,0,244,0,10181,0%,2.4%,0,7.45
orion plus,0,242,0,21610,0%,1.12%,0,7.61
juul battery,0,239,0,10561,0%,2.26%,0,10.01
vape taste burnt,0,236,0,775,0%,30.45%,0,1.08
best nicotine salt e liquid,0,225,0,2875,0%,7.83%,0,8.8
horizontech falcon 80w kit,0,219,0,845,0%,25.92%,0,3.14
orion q pod,0,208,0,8101,0%,2.57%,0,5.88
difference between novo and novo 2,0,205,0,631,0%,32.49%,0,1.72
lost vape orion plus,0,192,0,14259,0%,1.35%,0,9.08
novo 2 vs nord,0,187,0,2071,0%,9.03%,0,5.21
joyetech exceed grip,0,185,0,15197,0%,1.22%,0,8.25
is salt nic safe,0,182,0,1462,0%,12.45%,0,3.67
wet lung,0,174,0,12415,0%,1.4%,0,10.52
novo 2 review,0,174,0,2919,0%,5.96%,0,5.68
smok nord problems,0,171,0,2662,0%,6.42%,0,6.54
new novo,0,167,0,1449,0%,11.53%,0,1.53
vape tanks,0,163,0,16736,0%,0.97%,0,12.86
nord vs novo 2,0,161,0,1419,0%,11.35%,0,4.73
best vape pens 2019,0,159,0,729,0%,21.81%,0,3.16
rpm40 kit,0,157,0,6535,0%,2.4%,0,7.4
smok morph kit,0,156,0,4253,0%,3.67%,0,5.8
best stick vape 2019,0,155,0,322,0%,48.14%,0,1.75
smok stick v9 max coils,0,153,0,1377,0%,11.11%,0,1.79
smok rpm,0,152,0,22941,0%,0.66%,0,8.97
smok novo charging problems,0,147,0,1060,0%,13.87%,0,3.5
caliburn pod,0,142,0,59085,0%,0.24%,0,8.45
iqos vape,0,142,0,16235,0%,0.87%,0,11.27
best vaping mods,0,142,0,1482,0%,9.58%,0,6.27
iqos vs vaping,0,141,0,1112,0%,12.68%,0,4.38
vape vs iqos,0,139,0,914,0%,15.21%,0,5.65
orion q pods,0,136,0,3909,0%,3.48%,0,7.14
digiflavor helix,0,135,0,1810,0%,7.46%,0,5.48
why is my smok novo not charging,0,135,0,612,0%,22.06%,0,1.85
pod system terbaik indonesia,0,133,0,2531,0%,5.25%,0,7.81
vape losing flavor,0,133,0,166,0%,80.12%,0,2.31
smok g priv 2,0,132,0,9292,0%,1.42%,0,9.54
best nicotine salt vape,0,132,0,439,0%,30.07%,0,2.83
tiny vape mods,0,130,0,1516,0%,8.58%,0,5.89
smok nord short circuit,0,127,0,537,0%,23.65%,0,4.54
best vaping mods 2019,0,127,0,396,0%,32.07%,0,2.93
best small vape mod 2019,0,126,0,419,0%,30.07%,0,2.87
smok novo won't charge,0,123,0,1006,0%,12.23%,0,4.24
2019 best vape mods,0,123,0,442,0%,27.83%,0,2.96
lux 200 coils,0,123,0,327,0%,37.61%,0,2.47
new vape mods 2019,0,122,0,2495,0%,4.89%,0,7.03
alternative juul pods,0,122,0,1308,0%,9.33%,0,6.5
how many people vape in the world,0,121,0,2784,0%,4.35%,0,3.82
smok nord not working,0,121,0,2665,0%,4.54%,0,5.61
best fruit vape juice 2019,0,121,0,271,0%,44.65%,0,1.08
infinix smok,0,120,0,6007,0%,2%,0,6.93
why does my smok nord taste burnt,0,119,0,374,0%,31.82%,0,1.01
exceed grip,0,117,0,24176,0%,0.48%,0,7.17
smok i priv,0,116,0,10405,0%,1.11%,0,7.85
suorin drop vs air,0,116,0,244,0%,47.54%,0,2.98
vaping vs iqos,0,115,0,988,0%,11.64%,0,4.59
falcon 80w kit,0,115,0,720,0%,15.97%,0,3.55
juul look alike,0,115,0,706,0%,16.29%,0,1.28
best pen vape 2019,0,115,0,350,0%,32.86%,0,2.73
vape pen 22,0,114,0,18343,0%,0.62%,0,8.07
smok rpm 40,0,114,0,6848,0%,1.66%,0,11.52
smok nord pin stuck,0,114,0,1943,0%,5.87%,0,5.71
best salt nic,0,113,0,3146,0%,3.59%,0,8.17
vaping truth,0,113,0,916,0%,12.34%,0,10.3
vape kits online,0,113,0,721,0%,15.67%,0,5.24
is salt nicotine bad for you,0,112,0,314,0%,35.67%,0,2.92
best mini vapes 2019,0,112,0,226,0%,49.56%,0,1.07
vaporesso armour pro,0,111,0,3166,0%,3.51%,0,14.17
best vape kit 2019,0,111,0,1683,0%,6.6%,0,7.17
burnt coil vape,0,111,0,1372,0%,8.09%,0,2.97
smallest vape mod,0,111,0,316,0%,35.13%,0,7.32
rebuildable pod vape,0,111,0,253,0%,43.87%,0,12.96
highest nicotine vape,0,110,0,1065,0%,10.33%,0,1.46
best mods of 2019,0,108,0,340,0%,31.76%,0,2.49
orion q,0,107,0,15285,0%,0.7%,0,8.24
smok tank,0,106,0,11507,0%,0.92%,0,8.66
best vape system,0,105,0,202,0%,51.98%,0,4.88
smallest vape mods,0,104,0,383,0%,27.15%,0,9.63
my smok vape wont turn on,0,104,0,348,0%,29.89%,0,3.22
best salt nic device 2019,0,103,0,222,0%,46.4%,0,1.37
best ultra portable vape,0,102,0,112,0%,91.07%,0,11.05
smok nord vs smok novo 2,0,101,0,523,0%,19.31%,0,4.25
best mod,0,100,0,3065,0%,3.26%,0,8.26
vaporesso tarot pro,0,99,0,2099,0%,4.72%,0,6.77
best wattage for vape,0,99,0,723,0%,13.69%,0,2.71
the real truth about vaping,0,99,0,315,0%,31.43%,0,3.81
how to fix smok nord short circuit,0,99,0,230,0%,43.04%,0,3.26
wet lung vaping,0,98,0,1197,0%,8.19%,0,6.06
best nicotine salt juice,0,98,0,1073,0%,9.13%,0,9.05
how to fix short circuit on smok nord,0,97,0,237,0%,40.93%,0,2.84
smok stick v9,0,96,0,9714,0%,0.99%,0,8.2
pod systems 2019,0,96,0,485,0%,19.79%,0,2.27
best salt nic pod system 2019,0,96,0,184,0%,52.17%,0,2.08
best salt nic juice flavors,0,95,0,1891,0%,5.02%,0,6.06
best salt nic mods,0,95,0,164,0%,57.93%,0,1.28
vaporesso luxe,0,93,0,11589,0%,0.8%,0,10.58
smok nord kit price,0,93,0,1795,0%,5.18%,0,5.17
smok morph 219 coils,0,92,0,2301,0%,4%,0,5.32
pod paling bagus,0,92,0,937,0%,9.82%,0,6.87
my smok nord won't turn on,0,92,0,449,0%,20.49%,0,3.05
best juice for suorin air,0,92,0,165,0%,55.76%,0,6
horizontech falcon kit,0,91,0,973,0%,9.35%,0,5.29
do novo pods fit novo 2,0,91,0,383,0%,23.76%,0,1.79
smok nord not detecting pod,0,91,0,261,0%,34.87%,0,2.69
smok morph 219 mod,0,90,0,1377,0%,6.54%,0,5.11
best wattage for vaping,0,90,0,910,0%,9.89%,0,2.17
novo pre filled pods,0,90,0,143,0%,62.94%,0,1.08
salt nic side effects,0,89,0,1026,0%,8.67%,0,4.79
why wont my smok novo charge,0,89,0,451,0%,19.73%,0,3.64
top 10 pod systems 2019,0,89,0,255,0%,34.9%,0,3.35
smok x priv,0,88,0,14443,0%,0.61%,0,10.18
smok nord aio 22,0,88,0,3808,0%,2.31%,0,6
smok novo 2 pods difference,0,88,0,223,0%,39.46%,0,1.71
rta and rda,0,88,0,166,0%,53.01%,0,1.35
best salt nic flavors,0,87,0,1980,0%,4.39%,0,7.04
why is my smok novo not hitting,0,87,0,1398,0%,6.22%,0,4.2
pod system 2019,0,87,0,523,0%,16.63%,0,4.85
is nicotine salt safe,0,87,0,509,0%,17.09%,0,2
how to vape for the first time,0,87,0,355,0%,24.51%,0,3.62
no nicotine juul alternatives,0,87,0,251,0%,34.66%,0,1.02
smok mico kit,0,86,0,8767,0%,0.98%,0,6.84
smok rpm40 review,0,86,0,2806,0%,3.06%,0,8.78
smok 219,0,86,0,1231,0%,6.99%,0,4.14
juul battery capacity,0,86,0,560,0%,15.36%,0,2.68
stick v9 max coils,0,86,0,410,0%,20.98%,0,1.58
eleaf mini istick,0,85,0,8964,0%,0.95%,0,10.02
vaping starter kits,0,85,0,1954,0%,4.35%,0,7.92
orion vape,0,84,0,22362,0%,0.38%,0,8.51
caliburn vs nord,0,84,0,1914,0%,4.39%,0,7.35
smok rha 220w,0,84,0,914,0%,9.19%,0,6.85
stealth vapes,0,84,0,675,0%,12.44%,0,3.73
smok resa stick coils,0,84,0,602,0%,13.95%,0,2.26
top 10 vape mods 2019,0,84,0,276,0%,30.43%,0,2.53
horizontech falcon 80w,0,84,0,247,0%,34.01%,0,2.91
are nic salts bad for you,0,84,0,216,0%,38.89%,0,2.45
best salt nic vape 2019,0,84,0,155,0%,54.19%,0,1.41
suorin air juice,0,83,0,858,0%,9.67%,0,9.73
smok nic salt,0,83,0,368,0%,22.55%,0,2.75
innevape heisenberg,0,82,0,1191,0%,6.88%,0,5.74
top vape pods 2019,0,82,0,260,0%,31.54%,0,2.78
vape smells burnt,0,82,0,206,0%,39.81%,0,1.05
obs alter pod kit,0,81,0,1097,0%,7.38%,0,3.6
top vape 2019,0,81,0,458,0%,17.69%,0,5.12
smok alien ohm too low,0,81,0,432,0%,18.75%,0,9.01
juul substitutes,0,81,0,230,0%,35.22%,0,1.73
top box mods 2019,0,81,0,227,0%,35.68%,0,2.46
suorin air vs suorin drop,0,81,0,123,0%,65.85%,0,4.44
smok rpm40 coils,0,80,0,2932,0%,2.73%,0,6.33
does iqos smell,0,80,0,2081,0%,3.84%,0,3.61
best sub ohm mod,0,80,0,909,0%,8.8%,0,5.17
smok mag wont turn on,0,80,0,638,0%,12.54%,0,5.18
is iqos safer than vaping,0,80,0,324,0%,24.69%,0,3.15
horizontech falcon kit 80w,0,80,0,292,0%,27.4%,0,2.63
vapes better than juul,0,80,0,157,0%,50.96%,0,2.36
vape box,0,79,0,14678,0%,0.54%,0,9.58
smok nord coils,0,79,0,8365,0%,0.94%,0,9.61
smok nord won't fire,0,79,0,1045,0%,7.56%,0,5.96
does njoy contain diacetyl,0,79,0,539,0%,14.66%,0,5.65
smok priv n19 settings,0,79,0,393,0%,20.1%,0,4.18
drag 2 platinum kit,0,78,0,2659,0%,2.93%,0,7.2
my smok novo wont charge,0,78,0,426,0%,18.31%,0,3.87
juul competitor,0,78,0,277,0%,28.16%,0,2.82
novo 2 pods difference,0,78,0,172,0%,45.35%,0,1.19
good salt nic vapes,0,78,0,137,0%,56.93%,0,1
pico vape,0,77,0,4647,0%,1.66%,0,3.69
mag p3 kit,0,77,0,1948,0%,3.95%,0,8.14
pod vapes 2019,0,77,0,280,0%,27.5%,0,2.17
smok nord new coil taste burnt,0,77,0,183,0%,42.08%,0,1.12
is iqos better than vaping,0,77,0,160,0%,48.12%,0,2.53
best device for nic salts,0,77,0,134,0%,57.46%,0,1.39
how to clean smok nord coil,0,76,0,1344,0%,5.65%,0,5.06
voopoo drag 2 platinum kit,0,76,0,1225,0%,6.2%,0,6.25
best smok vape 2019,0,76,0,788,0%,9.64%,0,3.03
smok novo 2 vs caliburn,0,75,0,485,0%,15.46%,0,5.34
smok alien baby,0,74,0,2356,0%,3.14%,0,3.94
falcon kit,0,74,0,1423,0%,5.2%,0,5.81
salt nicotine devices,0,74,0,441,0%,16.78%,0,2.33
cheaper juul alternatives,0,74,0,166,0%,44.58%,0,2.64
why is juul so expensive,0,74,0,124,0%,59.68%,0,1.38
snowwolf mfeng 200w,0,73,0,3496,0%,2.09%,0,6.91
best nic salts,0,73,0,2077,0%,3.51%,0,7.85
smok nord button not working,0,73,0,1028,0%,7.1%,0,4.86
smok infinix vs juul,0,73,0,885,0%,8.25%,0,4.92
best stealth vape pen,0,73,0,288,0%,25.35%,0,2.35
best nic salt devices,0,73,0,128,0%,57.03%,0,1.08
is salt nic vape juice bad for you,0,73,0,99,0%,73.74%,0,1.1
drag 2 kit,0,72,0,6705,0%,1.07%,0,5.54
novo smoke,0,72,0,1011,0%,7.12%,0,3.92
vaping wattage sweet spot,0,72,0,633,0%,11.37%,0,3.74
vapes prices,0,72,0,622,0%,11.58%,0,2.77
how long do novo 2 pods last,0,72,0,594,0%,12.12%,0,4
smok m2-0.25 coil 30-50w,0,72,0,337,0%,21.36%,0,3.8
best vape like juul,0,72,0,132,0%,54.55%,0,1.68
best mini e cigarette,0,72,0,81,0%,88.89%,0,9.35
best vape brands 2019,0,71,0,707,0%,10.04%,0,4.26
new coil taste burnt,0,71,0,330,0%,21.52%,0,1.14
best pods vape 2019,0,71,0,237,0%,29.96%,0,3
top pod vape 2019,0,71,0,218,0%,32.57%,0,3.06
top pod systems 2019,0,71,0,166,0%,42.77%,0,2.96
smok alien problems,0,71,0,124,0%,57.26%,0,1.69
suorin air v2,0,70,0,4910,0%,1.43%,0,7.31
smok vape kit,0,70,0,3504,0%,2%,0,9.27
vaporesso cascade one plus,0,70,0,2477,0%,2.83%,0,11.01
smok priv 1,0,70,0,957,0%,7.31%,0,3.34
smok nord troubleshooting,0,70,0,723,0%,9.68%,0,5.94
how many people in the world vape,0,70,0,628,0%,11.15%,0,2.87
my vape taste burnt,0,70,0,199,0%,35.18%,0,1.02
top 10 pod system,0,70,0,157,0%,44.59%,0,3.22
stick prince ile wat,0,70,0,95,0%,73.68%,0,1
aegis x,0,69,0,1189,0%,5.8%,0,24.9
pod terbaru 2019,0,69,0,1073,0%,6.43%,0,6.7
disposable juul alternative,0,69,0,540,0%,12.78%,0,2.13
different types of vape mods,0,69,0,398,0%,17.34%,0,2.53
top 10 vapes 2019,0,69,0,274,0%,25.18%,0,3.02
new vape coil tastes burnt,0,69,0,208,0%,33.17%,0,1.09
best mini vape 2019,0,69,0,151,0%,45.7%,0,1.98
smok stick prince ile wat,0,69,0,108,0%,63.89%,0,1
salt nic juice,0,68,0,12234,0%,0.56%,0,9.52
how to clean vape coil,0,68,0,3842,0%,1.77%,0,6.24
what is a nord,0,68,0,2544,0%,2.67%,0,3.42
rpm40 rba,0,68,0,1758,0%,3.87%,0,6.59
tarot mini,0,68,0,1646,0%,4.13%,0,4.2
smok mag p3 kit,0,68,0,1375,0%,4.95%,0,8.85
smok nord vs uwell caliburn,0,68,0,653,0%,10.41%,0,6.74
how much are vape pods,0,68,0,469,0%,14.5%,0,2.29
best stealth vape mod 2019,0,68,0,289,0%,23.53%,0,5.61
best fruity e juice,0,68,0,237,0%,28.69%,0,4.17
best salt vapes,0,68,0,125,0%,54.4%,0,1.56
best naked 100,0,68,0,103,0%,66.02%,0,1
best mod for salt nic,0,68,0,100,0%,68%,0,1.41
smok short circuit fix,0,68,0,99,0%,68.69%,0,1.39
top 10 vape mods,0,67,0,2114,0%,3.17%,0,7.1
smok stick prince kit,0,67,0,2045,0%,3.28%,0,8.32
resastick,0,67,0,1590,0%,4.21%,0,4.15
smok priv one kit,0,67,0,1488,0%,4.5%,0,5.49
smok resastick,0,67,0,1077,0%,6.22%,0,4.11
tfv12 cloud beast king coils,0,67,0,599,0%,11.19%,0,4.17
juul pods alternative,0,67,0,455,0%,14.73%,0,6.97
best fruity liquid,0,67,0,126,0%,53.17%,0,1.18
box vape,0,66,0,10196,0%,0.65%,0,5.7
what is nicotine salt,0,66,0,3133,0%,2.11%,0,8.17
smok vape mods,0,66,0,3067,0%,2.15%,0,8.78
best vape pod systems 2019,0,66,0,170,0%,38.82%,0,2.29
juul similar,0,66,0,149,0%,44.3%,0,1.81
smok alien kit,0,65,0,5266,0%,1.23%,0,12.66
suorin edge pod,0,65,0,4742,0%,1.37%,0,9.24
stick v9 max,0,65,0,4582,0%,1.42%,0,7.15
helix vape,0,65,0,1391,0%,4.67%,0,5.12
obs alter,0,65,0,964,0%,6.74%,0,5.36
vaping for the first time,0,65,0,650,0%,10%,0,3.04
vape tank leaking from air holes,0,65,0,487,0%,13.35%,0,3.82
why does my new coil taste burnt,0,65,0,327,0%,19.88%,0,1.08
is nic salt safe,0,65,0,292,0%,22.26%,0,3.04
top pods 2019,0,65,0,208,0%,31.25%,0,3.55
salt nic devices 2019,0,65,0,143,0%,45.45%,0,1.13
smok nord vs relx,0,65,0,115,0%,56.52%,0,2.53
smok n19,0,64,0,2661,0%,2.41%,0,5.12
joyetech ultex t80,0,64,0,1413,0%,4.53%,0,9.4
vapers shop,0,64,0,570,0%,11.23%,0,5.31
best tank for flavour,0,64,0,381,0%,16.8%,0,5.04
nanostix vs caliburn,0,64,0,270,0%,23.7%,0,4.6
how to fix a short circuit in a smok nord,0,64,0,184,0%,34.78%,0,2.94
alternative juul,0,64,0,167,0%,38.32%,0,2.46
best mods vape 2019,0,64,0,163,0%,39.26%,0,3.38
best naked 100 flavors,0,64,0,107,0%,59.81%,0,1.02
smok store,0,63,0,9669,0%,0.65%,0,8.4
vape v8,0,63,0,2648,0%,2.38%,0,4.07
top vape,0,63,0,1994,0%,3.16%,0,8.7
heisenberg menthol,0,63,0,1894,0%,3.33%,0,5.06
buying a vape,0,63,0,256,0%,24.61%,0,4.74
new pod system vape 2019,0,63,0,168,0%,37.5%,0,1.67
salt nicotine dangers,0,63,0,153,0%,41.18%,0,2.6
best pod vape for flavor,0,63,0,135,0%,46.67%,0,1.66
burnt taste smok nord,0,63,0,119,0%,52.94%,0,1.61
voopoo drag 2 kit,0,62,0,4708,0%,1.32%,0,9.49
vape jucie,0,62,0,2232,0%,2.78%,0,7.19
smok priv n19 kit,0,62,0,1962,0%,3.16%,0,6.03
voopoo drag mini platinum,0,62,0,1744,0%,3.56%,0,6.42
voopoo pnp coils,0,62,0,1605,0%,3.86%,0,6.94
vape mod 2019,0,62,0,1498,0%,4.14%,0,5.53
best vape tanks for flavor,0,62,0,664,0%,9.34%,0,5.09
best new vape mods,0,62,0,654,0%,9.48%,0,5
flavour pod creamy terbaik,0,62,0,485,0%,12.78%,0,4.73
smok novo 2 battery life,0,62,0,405,0%,15.31%,0,1.56
rda or rta,0,62,0,275,0%,22.55%,0,1.47
best pod vape systems,0,62,0,134,0%,46.27%,0,1.69
best salt nicotine vape,0,62,0,114,0%,54.39%,0,2.14
smok box mod,0,61,0,6357,0%,0.96%,0,6.93
best refillable juul pods,0,61,0,1674,0%,3.64%,0,8.1
buy vapes,0,61,0,1655,0%,3.69%,0,16.47
rekomendasi pod vape,0,61,0,961,0%,6.35%,0,9.58
hidden vape devices,0,61,0,586,0%,10.41%,0,6.73
baby m2 coil,0,61,0,560,0%,10.89%,0,2.59
smok parts,0,61,0,314,0%,19.43%,0,2.71
best mod box 2019,0,61,0,295,0%,20.68%,0,5.34
smok species touch screen not working,0,61,0,287,0%,21.25%,0,4.35